previous_habit_ratio,sleep_hours,sleep_quality,water_liters,steps_count,calories,protein,carbs,fat,mood,habit_success
0.89,6.1,2,2.5,7143,2209,120.9,378.4,56.1,4,1
0.71,6.3,1,3.0,6217,3149,77.9,330.0,88.1,3,1
0.83,6.8,1,3.5,7307,2865,90.6,231.1,117.0,4,1
0.73,7.1,2,3.7,10945,2541,132.6,345.9,87.5,4,1
0.72,6.9,2,3.2,11771,2142,64.1,245.6,70.3,3,1
0.96,8.6,2,2.6,11207,2747,74.6,271.1,96.9,3,1
0.88,6.5,1,2.3,9108,2552,149.1,328.0,89.0,4,1
0.95,8.3,1,3.6,8584,2821,84.1,242.2,116.0,4,1
0.76,7.5,2,2.3,7143,2505,127.0,307.8,102.3,4,1
0.97,7.2,1,4.0,7133,3043,104.4,351.2,110.3,3,1
0.89,8.4,2,3.2,9152,2781,113.6,293.6,67.6,3,1
0.9,6.3,2,3.5,8786,2228,86.4,231.6,50.2,4,1
0.99,8.3,1,3.7,8444,3039,114.8,230.6,103.4,3,1
0.88,7.5,1,3.9,8519,2490,65.2,375.6,116.3,3,1
0.92,8.4,1,2.3,9893,3125,74.9,305.5,92.5,3,1
0.98,8.3,1,3.4,9268,2764,99.4,303.5,58.5,3,1
0.72,6.1,1,3.2,6058,2145,123.7,211.8,54.7,3,1
0.96,6.2,1,2.6,9976,2438,108.5,344.7,111.8,4,1
0.77,7.4,2,2.4,6794,2882,91.9,282.2,110.5,3,1
0.9,9.0,1,2.1,11965,2694,132.1,221.9,63.4,4,1
0.74,6.6,2,2.5,6617,2907,132.7,371.2,56.9,3,1
0.99,8.8,1,2.3,9978,2985,79.2,280.2,54.1,4,1
0.7,7.2,2,2.6,11706,3138,119.6,297.3,63.3,3,1
0.99,7.7,1,3.5,6468,2102,112.6,300.6,109.7,3,1
0.72,7.5,1,2.1,6556,2481,96.3,388.3,89.9,3,1
0.89,7.3,2,3.9,7673,2643,81.5,279.2,97.0,4,1
0.84,8.8,1,2.0,11088,3153,149.6,214.7,64.9,4,1
0.74,7.0,1,3.8,9027,2583,74.2,366.7,99.2,3,1
0.9,7.7,1,3.9,7100,2541,70.4,221.4,88.7,4,1
0.78,6.6,2,2.4,11195,2540,105.5,250.2,113.6,3,1
0.73,7.3,2,2.1,8732,2267,117.3,252.4,101.9,4,1
0.87,6.3,1,3.1,9024,3192,109.7,286.0,52.9,4,1
0.97,8.4,1,3.8,7720,2511,120.0,270.7,89.2,4,1
0.99,8.2,1,3.7,7450,2844,62.2,347.3,73.3,4,1
0.94,8.6,1,2.5,11744,2221,94.4,207.7,82.9,3,1
0.94,7.4,2,3.6,7864,2456,62.1,238.6,73.0,3,1
0.99,6.8,2,3.4,10392,2678,144.5,223.1,117.9,3,1
0.87,9.0,1,2.2,9559,2707,125.6,262.7,92.4,3,1
0.82,7.7,2,2.1,9572,2003,106.8,361.3,98.1,3,1
0.81,6.2,2,3.2,11434,2255,124.8,260.1,71.6,4,1
0.8,8.1,1,2.4,11447,2776,121.0,380.6,93.1,4,1
0.82,8.5,2,2.6,9521,3187,114.6,264.4,80.9,3,1
0.85,8.4,1,3.3,8324,3055,119.7,323.9,56.5,3,1
0.9,6.7,1,2.3,6378,2501,148.6,322.3,103.8,4,1
0.82,7.9,1,3.4,9145,3012,96.0,229.5,98.1,3,1
0.93,6.7,2,2.1,8041,2248,101.1,360.3,96.7,4,1
0.99,8.7,2,3.7,10488,2913,140.7,348.7,83.2,4,1
0.93,8.5,2,3.5,10270,2992,116.4,254.9,55.4,4,1
0.77,7.0,1,2.3,7894,2784,122.5,341.3,54.5,4,1
0.8,7.4,1,2.4,9441,2797,141.4,316.8,98.7,4,1
0.84,8.8,2,3.5,9432,3102,127.3,309.2,92.2,3,1
0.85,6.8,2,2.1,8753,2828,125.2,368.1,114.4,3,1
0.97,7.8,1,2.2,9511,2277,138.0,236.3,68.2,4,1
0.76,7.0,2,2.6,9453,2516,135.1,294.1,102.4,3,1
1.0,7.0,1,3.6,11339,2082,127.9,389.9,64.0,3,1
0.89,6.7,2,3.3,10620,2446,101.9,251.2,75.8,3,1
0.93,6.5,2,2.2,6210,2638,111.8,381.6,76.3,3,1
0.72,8.1,1,2.2,8470,2247,131.7,313.2,52.9,4,1
0.9,6.2,2,2.0,9441,3003,69.5,392.2,94.5,4,1
0.91,7.3,2,3.2,10408,2990,101.8,365.1,91.5,4,1
0.96,8.5,1,2.6,9692,2499,127.5,314.0,96.8,4,1
0.71,8.6,1,3.0,8906,2529,90.6,376.1,99.1,4,1
0.87,7.5,1,2.2,11898,2832,104.0,351.6,98.3,4,1
0.83,6.1,2,2.4,11667,2498,87.6,316.3,83.1,4,1
0.83,8.2,2,2.7,9717,2554,87.6,246.1,100.5,4,1
0.74,7.6,1,2.4,9966,2566,125.2,395.3,86.7,4,1
0.99,8.5,2,2.5,7469,2619,61.3,306.8,69.2,3,1
0.87,8.1,1,3.3,10021,2210,138.5,314.8,82.9,4,1
0.8,8.9,2,3.9,9913,2233,134.0,280.1,55.2,3,1
0.75,8.4,2,2.2,8033,2242,110.2,283.2,91.7,3,1
0.93,7.1,2,2.6,10821,2878,87.5,324.2,92.7,3,1
0.98,6.6,1,2.5,6665,2321,81.6,310.4,61.0,4,1
0.84,7.8,2,2.1,8360,2579,123.3,290.8,98.1,4,1
0.94,7.9,1,2.9,10461,2460,118.3,381.7,107.9,3,1
0.72,8.4,2,2.9,9839,2622,123.0,388.5,85.0,4,1
0.83,7.8,2,3.5,10945,2512,62.3,245.8,97.2,3,1
1.0,8.0,2,3.2,7435,2963,106.7,288.4,69.5,4,1
0.89,7.5,1,2.9,9345,2682,88.9,220.9,61.3,4,1
0.91,6.9,2,3.6,10506,2075,100.9,262.9,72.6,4,1
0.96,8.5,1,3.3,10444,2946,97.2,237.5,75.3,4,1
0.89,8.3,1,2.5,7073,2589,99.4,339.7,58.5,3,1
0.91,6.9,1,3.1,6763,2460,149.3,382.6,82.3,3,1
0.89,6.5,2,3.0,8239,2850,135.1,396.0,67.1,3,1
0.82,8.8,1,3.7,8263,2849,90.6,357.5,68.7,3,1
0.78,6.9,2,3.7,9658,3103,103.6,266.5,103.4,4,1
0.84,7.0,1,4.0,7956,3171,94.5,371.2,78.8,4,1
0.92,8.1,2,2.8,11436,2311,104.6,207.4,85.2,4,1
0.96,8.6,2,2.2,9743,2031,125.0,282.0,95.8,3,1
0.72,8.3,2,2.7,11674,2814,118.5,370.4,109.7,4,1
0.99,7.9,2,3.7,6294,2140,81.1,336.9,70.1,3,1
0.92,7.3,1,3.5,11766,2205,99.9,338.8,113.2,3,1
0.8,6.2,2,2.7,7192,2500,107.8,313.2,105.5,3,1
0.75,7.8,2,3.2,7972,3019,142.2,228.6,82.3,4,1
0.84,8.0,2,3.8,11550,3119,74.2,288.3,74.2,4,1
0.89,7.3,2,2.9,8474,2407,149.9,370.7,57.5,4,1
0.87,7.7,2,2.0,11392,2810,84.7,313.2,98.0,3,1
0.97,8.2,2,3.6,7885,2721,79.7,238.0,67.5,3,1
0.89,8.7,1,2.6,9611,2068,112.2,346.5,56.3,4,1
0.8,7.2,1,2.3,10418,2749,107.8,382.7,108.1,4,1
0.97,8.8,2,3.5,8774,2235,102.1,215.1,102.8,3,1
0.96,8.2,2,3.9,10565,2749,68.1,278.9,68.5,3,1
0.84,8.0,2,3.2,11230,2760,69.8,246.8,51.8,4,1
0.97,6.7,1,3.3,9803,2618,118.4,223.3,53.2,3,1
0.79,7.5,1,2.5,10403,2277,95.0,274.2,116.5,4,1
0.88,8.2,2,3.3,10008,2835,144.5,255.9,98.3,3,1
0.83,8.9,2,2.2,11617,2752,109.0,395.6,75.1,4,1
0.78,8.9,2,2.2,7737,2043,64.6,266.7,119.2,3,1
0.72,8.3,1,3.2,7908,2672,129.7,357.7,91.7,4,1
0.96,6.4,1,3.1,7429,2225,119.5,205.2,51.0,3,1
0.88,6.0,2,2.1,9448,3077,70.2,212.7,81.4,4,1
0.85,6.3,1,3.9,6355,3067,87.1,328.7,52.2,4,1
0.95,7.3,1,3.0,9633,2150,140.9,264.4,60.4,3,1
0.78,7.9,2,2.8,10893,3086,86.5,301.1,80.1,3,1
0.96,8.0,1,2.9,7871,2847,90.5,290.7,79.1,3,1
0.79,6.9,2,2.7,7250,2971,66.0,366.4,56.5,3,1
0.92,7.1,1,3.1,10804,3150,110.6,334.0,78.8,4,1
0.96,8.2,2,3.2,8880,2212,112.0,242.5,96.0,3,1
0.95,7.1,2,2.2,8282,3175,80.4,285.8,89.3,3,1
0.88,8.0,2,2.1,8238,2632,142.9,270.2,62.7,3,1
0.87,7.2,1,3.5,6251,2187,127.2,243.0,79.4,4,1
0.75,6.9,2,3.6,10649,2173,139.5,231.1,102.8,3,1
0.9,6.8,2,3.0,9621,2848,84.6,351.0,58.0,4,1
0.73,8.0,2,3.1,8526,2093,79.8,396.9,53.8,3,1
0.79,6.6,1,3.5,8371,2671,70.8,299.5,80.1,3,1
0.81,8.1,2,2.1,6346,2893,61.7,384.2,110.3,4,1
0.87,8.1,2,2.6,9318,2042,147.0,234.4,116.3,4,1
0.95,8.8,1,2.9,6867,2498,99.2,280.1,55.5,4,1
0.92,6.7,1,2.2,11187,2233,107.8,238.8,104.3,4,1
0.92,8.5,1,2.5,7199,2524,77.8,320.5,103.2,3,1
0.75,8.3,2,2.9,10618,3186,100.4,384.8,89.5,4,1
0.96,7.9,1,2.9,9841,2905,116.8,359.3,91.4,4,1
0.85,6.9,2,2.1,9020,2587,66.9,372.9,109.9,4,1
0.84,7.7,1,2.9,10683,2385,88.9,295.1,60.6,3,1
0.84,8.4,2,4.0,6690,3033,118.2,207.8,99.5,4,1
0.86,7.8,2,2.7,8317,2793,96.8,267.7,91.9,4,1
0.72,6.3,2,2.6,11928,2307,90.0,316.5,59.9,4,1
0.79,8.0,2,2.3,11806,2173,87.9,275.3,105.4,3,1
0.9,8.5,1,3.3,9468,3041,92.6,272.5,62.6,3,1
0.8,8.3,1,2.5,7126,2317,66.9,368.9,57.1,3,1
0.9,8.6,1,3.2,7263,2332,76.3,338.6,93.7,3,1
0.92,6.1,2,3.4,7945,2909,115.0,350.5,104.9,3,1
0.86,6.9,2,3.8,7589,2753,121.0,314.1,80.8,4,1
0.93,7.5,2,3.9,7635,2283,138.6,210.4,83.6,4,1
0.87,6.3,1,2.6,7313,2558,100.4,302.7,108.2,3,1
0.98,6.7,2,3.8,6218,2849,64.8,300.4,66.5,3,1
0.81,6.1,1,3.7,11324,2686,131.2,227.5,70.1,4,1
0.91,6.4,2,2.9,6043,2162,61.7,243.1,60.5,4,1
0.73,6.9,2,2.2,7953,2859,117.5,324.6,54.4,4,1
0.88,6.0,1,3.4,8386,2879,60.1,270.6,89.9,3,1
0.9,6.3,2,2.1,10309,3114,105.7,397.7,88.8,4,1
0.96,6.1,2,4.0,8077,2033,92.1,213.5,66.9,3,1
0.93,8.2,2,2.3,8886,3118,90.5,328.6,108.1,4,1
0.99,7.4,1,3.6,6516,2937,63.3,240.3,105.4,3,1
0.79,6.9,2,4.0,10448,2969,82.8,350.7,63.4,4,1
0.96,6.1,2,2.5,9014,2894,140.1,348.7,112.6,4,1
0.8,6.6,2,2.7,10253,2546,132.1,345.4,55.5,3,1
0.86,7.0,1,2.7,8421,2627,100.1,343.5,61.7,4,1
0.81,6.1,2,3.2,9563,2562,117.6,358.3,54.0,4,1
0.81,8.4,1,3.9,7169,2897,63.1,213.4,104.5,4,1
0.81,8.8,1,3.2,11562,2921,145.4,274.4,103.4,3,1
0.86,7.2,2,2.5,6929,2053,126.2,299.8,77.1,3,1
0.78,6.8,2,2.4,11012,2584,122.5,399.7,64.0,3,1
0.96,7.4,2,4.0,11586,2654,120.1,341.9,88.5,4,1
0.97,8.6,1,3.6,10167,2459,70.9,240.2,59.7,4,1
0.71,7.7,2,2.9,10519,2265,115.1,217.2,71.7,4,1
0.86,8.3,1,2.3,8597,2151,100.5,336.0,74.1,3,1
0.93,6.4,1,3.7,10244,2313,87.4,232.4,115.4,3,1
0.8,8.8,2,3.7,8052,2402,117.2,310.2,58.8,4,1
0.88,6.3,1,3.2,10756,2315,75.4,324.9,113.1,4,1
0.95,7.7,1,2.2,11254,3181,83.8,242.2,90.0,3,1
0.85,7.9,2,3.3,8474,2989,82.0,361.5,78.4,4,1
0.72,6.2,2,2.8,9804,2417,90.6,228.7,110.3,4,1
0.92,8.6,2,2.3,9035,3054,110.5,263.8,82.7,4,1
0.83,6.4,1,2.6,9146,2856,82.3,373.1,61.2,4,1
0.98,8.2,1,3.5,10081,3054,102.0,375.8,84.8,3,1
0.98,7.5,1,2.4,8890,2099,64.5,299.0,111.8,4,1
0.79,6.0,1,2.9,8166,2749,128.7,273.2,78.0,3,1
0.81,6.9,2,3.0,10504,2572,134.3,324.6,92.8,3,1
0.99,7.2,2,3.1,8995,2295,77.9,301.8,85.0,3,1
0.71,8.1,2,3.0,7220,3055,72.6,386.3,72.3,4,1
1.0,8.2,2,3.2,10155,3043,107.9,341.7,71.0,3,1
0.81,8.0,2,3.2,11941,2054,113.7,253.1,95.9,3,1
0.92,7.8,1,3.0,11907,2778,73.3,336.1,52.2,3,1
0.76,7.3,2,2.3,11656,2417,96.9,355.0,114.4,3,1
0.91,7.6,2,4.0,9918,3076,93.9,391.3,82.2,4,1
0.86,8.0,2,3.2,7575,2504,85.1,259.7,115.9,4,1
0.93,8.1,2,2.6,8857,3147,144.0,359.1,69.1,3,1
0.87,7.6,2,3.6,7199,2594,63.8,391.1,55.5,4,1
0.9,8.2,1,2.4,10412,2555,144.0,339.2,59.6,3,1
0.77,8.0,1,3.3,6430,2205,97.2,343.5,57.0,3,1
0.7,7.7,1,2.8,9896,2977,118.5,351.2,70.1,4,1
0.89,8.7,1,3.3,7902,3095,126.5,370.1,52.6,3,1
0.83,8.5,1,4.0,9252,3014,76.8,349.8,111.1,4,1
0.96,6.0,1,3.9,8744,2582,100.9,328.3,86.7,3,1
0.96,7.4,1,3.6,8708,2332,125.8,329.7,100.3,3,1
0.92,8.4,1,2.4,11232,2830,134.4,303.1,56.1,3,1
0.76,6.4,2,3.9,6055,2534,94.5,289.3,68.7,4,1
0.79,8.2,1,2.5,8945,2483,65.6,223.6,71.5,4,1
0.91,8.8,2,3.4,11232,2604,93.1,244.2,117.0,4,1
0.75,8.2,2,2.8,10499,2964,128.2,360.4,107.8,3,1
0.9,7.8,1,3.1,10326,2740,67.0,312.8,54.3,3,1
0.87,6.4,2,3.7,9619,2238,121.2,343.4,84.2,4,1
0.94,7.4,2,2.9,6472,3144,101.6,361.4,100.6,4,1
0.78,6.0,1,3.2,6371,2867,91.0,212.8,119.6,3,1
1.0,7.4,2,2.8,7109,2860,93.7,378.3,81.4,4,1
0.81,8.0,1,3.3,8848,2242,76.1,307.5,87.0,3,1
0.95,8.3,2,2.9,11890,3115,98.2,275.9,66.1,4,1
0.8,6.8,1,2.1,11408,2858,115.3,387.2,112.2,3,1
0.76,6.3,1,2.9,11505,2099,82.0,208.8,80.7,3,1
0.93,8.3,1,3.0,8369,2479,133.4,346.3,72.3,4,1
0.77,8.6,1,2.8,8254,2124,110.1,318.3,101.5,3,1
0.89,7.3,2,2.1,8821,2780,130.7,263.7,79.1,3,1
0.79,6.6,2,2.5,7846,2615,137.2,228.9,82.4,3,1
0.87,8.9,1,2.8,8088,2416,89.7,215.8,81.5,4,1
0.73,8.2,1,2.1,9089,2080,138.6,237.6,103.3,3,1
0.84,8.6,2,2.6,6125,2433,144.3,392.4,58.2,4,1
0.97,8.1,1,2.8,7960,3130,88.9,256.6,82.6,4,1
0.79,7.1,2,2.9,11918,2961,128.5,264.0,64.2,4,1
0.82,7.7,1,3.5,6132,2534,109.8,316.8,100.4,4,1
0.75,7.0,2,3.1,8013,3022,109.6,388.7,73.6,4,1
0.99,7.9,2,2.9,8885,2346,72.6,309.3,62.9,3,1
0.86,8.5,1,3.9,11474,2099,128.8,282.5,109.0,3,1
0.72,6.5,1,3.0,9057,2123,115.6,333.4,93.2,4,1
0.9,6.0,2,2.0,10336,2562,108.2,257.3,85.2,4,1
0.94,8.7,1,3.8,10295,2304,81.7,324.0,67.7,4,1
0.78,7.2,2,3.9,9760,3157,81.9,339.4,71.0,3,1
0.9,8.6,1,2.2,9106,2772,109.7,211.2,50.7,3,1
0.72,8.5,2,3.1,6781,3081,142.7,246.0,113.1,4,1
0.78,8.8,2,3.8,10616,2067,76.1,370.1,51.1,3,1
0.88,8.3,2,3.9,8451,2332,110.8,313.3,109.5,4,1
0.82,8.2,1,3.0,8833,2109,68.8,246.4,55.3,4,1
0.99,7.0,2,3.6,9690,3004,80.5,310.6,76.3,3,1
0.9,8.0,1,3.5,8419,2504,124.2,216.4,60.8,3,1
0.92,7.0,1,2.2,8525,2910,92.4,254.0,59.3,3,1
0.83,7.7,2,2.2,6734,2724,109.9,319.4,104.9,4,1
0.7,7.2,1,3.4,10583,2497,111.5,233.9,76.7,3,1
0.78,6.8,1,2.1,9560,2565,97.9,296.8,55.4,4,1
0.98,8.2,2,3.2,7601,2937,69.6,260.9,116.4,4,1
0.95,7.1,2,2.9,9527,2278,87.0,320.6,98.7,4,1
0.79,8.9,2,2.6,11693,3005,147.1,356.4,72.8,4,1
0.94,7.2,1,3.9,7636,3117,76.2,353.5,51.9,4,1
0.98,6.6,2,3.7,6566,2837,120.6,227.8,71.2,4,1
0.9,8.1,2,2.1,10898,2981,112.4,306.9,114.6,4,1
0.86,8.4,2,3.4,10398,2174,69.8,249.6,96.5,3,1
0.89,6.1,2,3.9,8716,2881,69.5,219.7,65.5,3,1
0.83,7.2,1,2.7,6201,2988,69.4,283.2,117.3,3,1
0.95,8.2,2,2.6,9730,2423,106.9,269.7,56.8,4,1
0.8,6.9,1,2.0,8810,2223,120.9,232.9,118.9,3,1
0.85,7.7,2,3.1,9785,2474,131.8,326.0,63.0,4,1
0.82,8.2,1,2.9,9518,2796,60.4,243.0,69.5,3,1
0.87,8.4,1,2.7,7614,2937,70.3,334.1,84.3,4,1
0.88,7.8,1,2.7,9750,2353,133.2,341.2,70.8,3,1
0.9,6.9,1,2.6,7499,2764,122.4,302.2,79.3,3,1
0.87,7.3,2,3.3,11680,2354,109.9,297.9,59.8,4,1
0.95,7.9,2,3.9,9969,2279,77.6,276.8,89.3,4,1
0.82,7.5,2,3.0,6677,3157,62.8,352.2,70.4,4,1
0.77,6.9,2,3.1,10057,3125,106.0,314.5,68.8,4,1
0.86,8.3,2,3.1,9482,2209,126.2,330.7,67.3,3,1
0.83,7.0,1,2.9,6961,2485,78.9,347.5,98.2,4,1
0.75,6.4,1,3.6,6486,3167,91.6,256.2,87.7,4,1
0.99,6.9,2,3.9,10214,2195,72.2,350.0,78.8,3,1
1.0,8.6,1,3.4,7087,2511,73.2,264.4,67.3,4,1
0.85,7.7,2,3.3,9073,2925,66.8,358.9,103.8,4,1
0.85,6.8,2,2.9,9998,2670,112.4,373.8,109.3,3,1
0.92,7.4,2,3.7,10378,2814,79.6,285.9,64.8,4,1
0.8,6.9,1,3.1,9975,2703,140.5,352.5,53.2,4,1
0.7,8.8,1,2.9,6005,2876,78.2,337.7,59.2,4,1
0.75,8.8,2,2.2,8952,2512,67.4,332.9,95.4,3,1
0.82,6.9,1,2.9,6747,2194,60.1,295.4,59.3,3,1
0.86,7.3,1,3.4,6987,2864,122.5,295.5,66.0,3,1
0.92,6.3,2,2.7,8451,2280,94.4,362.7,111.2,3,1
0.72,7.7,1,2.9,11918,2436,116.5,230.3,78.8,4,1
0.96,6.3,1,2.3,7008,2786,91.6,285.9,105.4,3,1
0.78,6.3,2,3.6,11656,2054,136.3,331.7,71.1,3,1
0.92,6.9,1,3.6,7960,3013,94.7,248.2,94.7,3,1
0.86,8.9,2,3.9,7081,2792,137.5,313.7,75.6,3,1
0.93,8.9,1,2.0,6553,2028,83.6,208.0,54.2,4,1
0.85,7.9,2,2.8,9295,2168,117.6,307.5,60.7,3,1
0.79,7.5,1,3.9,7272,3098,89.4,317.3,103.4,3,1
0.79,7.3,1,2.1,6706,2889,70.4,322.5,53.9,3,1
0.74,8.1,1,2.3,8840,3071,106.6,364.5,68.1,4,1
0.74,8.3,2,3.5,6967,2060,90.2,285.9,86.7,4,1
0.91,7.7,1,3.0,10184,2737,65.0,371.9,61.7,3,1
0.78,6.3,1,2.5,10168,2005,64.0,372.6,67.1,4,1
0.81,8.8,1,3.9,6289,3132,132.3,342.8,95.9,3,1
0.8,7.2,2,2.5,6638,3170,93.6,300.4,113.1,3,1
0.77,7.5,1,3.9,6564,2952,137.9,354.7,71.7,3,1
0.87,6.0,1,2.6,8489,2496,101.8,318.3,84.5,3,1
0.92,7.6,1,2.3,9359,2048,81.0,269.3,108.8,3,1
0.99,6.0,2,3.7,11957,2629,69.4,306.0,66.7,4,1
0.99,8.9,1,3.4,6762,2089,142.9,379.5,86.4,4,1
0.84,8.2,1,3.0,11220,2807,66.7,313.6,80.4,3,1
0.77,6.8,2,3.9,9219,2668,88.6,254.4,55.2,3,1
0.74,8.3,1,2.3,7346,2920,101.9,281.3,87.5,3,1
0.84,7.4,1,2.2,11620,2623,134.4,339.4,52.8,4,1
0.74,8.1,2,2.8,6401,2612,83.4,398.1,52.2,4,1
0.96,7.7,1,2.2,6834,2286,70.9,212.3,104.7,3,1
0.74,8.5,2,3.4,11281,2172,112.4,251.8,106.9,3,1
1.0,6.6,2,3.6,6753,2679,71.0,388.5,53.5,4,1
0.95,7.2,1,2.8,9495,2353,91.9,381.7,69.2,4,1
0.97,6.1,1,3.3,10086,2843,139.5,295.8,56.1,4,1
0.74,6.6,1,3.3,10453,2039,149.0,356.4,75.1,4,1
0.8,7.7,2,2.8,7473,2053,88.7,243.8,112.7,4,1
0.72,9.0,2,3.5,7906,2326,69.0,331.4,68.7,3,1
0.93,8.8,2,2.7,7423,2360,81.3,263.6,101.7,4,1
0.97,6.1,2,3.9,10617,2291,110.7,237.6,119.2,4,1
0.86,6.5,1,2.2,7905,2448,61.8,295.6,73.2,3,1
0.94,7.0,1,3.8,8650,2121,62.0,317.3,114.2,3,1
0.95,8.6,1,2.7,11424,2810,112.7,267.3,72.6,3,1
0.92,7.3,2,3.3,7427,3150,122.4,385.8,105.1,3,1
0.9,8.4,2,2.6,11640,2603,71.5,345.8,116.4,4,1
0.96,8.3,1,2.4,8606,2452,117.6,220.8,84.7,4,1
0.92,6.7,2,2.3,6726,2687,100.2,253.0,67.5,3,1
0.81,8.4,1,2.1,9589,2859,147.2,376.9,84.5,4,1
0.81,7.1,2,3.6,10735,2461,74.6,214.7,109.2,4,1
0.71,6.8,1,2.1,7393,2768,74.5,215.0,115.9,3,1
0.8,9.0,2,3.4,9533,2337,114.7,286.8,53.7,4,1
0.76,6.6,2,3.3,8436,2486,68.6,278.6,88.5,4,1
0.75,7.1,2,2.2,11423,2983,78.0,205.1,62.0,4,1
0.99,7.4,1,2.6,9256,2964,104.0,332.2,56.4,4,1
0.76,8.7,2,2.4,6365,2539,99.6,252.7,108.6,3,1
0.75,8.1,1,2.2,8816,3108,97.3,351.3,65.9,3,1
0.95,8.5,2,3.9,11628,2972,111.5,247.1,70.9,4,1
0.97,8.1,1,2.2,9678,2354,145.4,233.4,64.8,3,1
0.74,7.3,2,2.4,11138,2302,135.1,251.6,113.8,3,1
0.73,7.7,2,3.7,10257,2938,142.5,202.5,99.0,4,1
0.73,6.4,1,3.8,10609,2206,130.7,373.5,111.6,4,1
0.78,8.0,2,2.1,8256,2825,72.9,321.7,98.6,3,1
0.82,8.6,1,2.1,9892,2550,140.7,204.0,107.2,4,1
0.79,8.5,1,3.9,7867,2275,87.0,348.7,104.2,4,1
0.78,7.3,1,2.4,7731,2833,126.7,351.9,110.7,3,1
0.85,6.5,2,3.4,9304,2277,130.2,304.9,89.8,3,1
0.76,8.5,1,2.5,9739,2103,142.6,340.9,69.2,4,1
0.85,7.9,1,3.4,7981,2762,104.0,289.2,117.2,4,1
0.88,7.0,1,3.7,8118,2185,85.7,277.3,61.4,3,1
0.96,7.9,1,2.5,9354,3051,61.8,356.1,103.7,3,1
0.84,6.4,1,3.2,6069,2458,82.7,361.0,71.4,4,1
0.83,7.1,2,2.9,7787,2955,87.2,304.1,93.7,3,1
0.7,9.0,2,3.1,10864,2578,86.9,221.6,54.5,4,1
0.89,8.6,2,3.3,11336,2611,77.0,303.5,66.8,3,1
0.94,8.4,2,3.3,11576,2286,124.9,331.1,119.8,4,1
0.97,7.2,1,3.2,10686,2388,90.9,342.7,98.0,4,1
0.97,8.0,2,3.7,11387,3143,76.3,219.5,59.0,4,1
0.92,7.7,1,3.9,8749,2182,80.0,244.7,111.0,4,1
0.94,7.0,2,3.2,9799,2241,102.3,373.3,90.9,3,1
0.84,6.6,1,3.7,9126,3085,86.9,210.8,109.8,3,1
1.0,7.0,2,2.3,11862,2369,130.1,297.5,94.2,3,1
0.79,6.2,2,2.5,7381,3180,128.8,297.9,103.4,3,1
0.74,7.3,2,2.8,9910,2785,60.4,306.8,101.1,3,1
0.97,8.3,1,2.0,6033,2509,80.4,375.4,71.8,3,1
0.82,7.8,1,2.1,6374,2610,145.4,291.2,86.4,4,1
0.83,8.1,1,2.7,10015,2735,127.5,233.0,113.5,4,1
0.71,6.7,1,2.4,6179,3033,75.2,273.3,95.5,3,1
0.81,7.9,1,3.2,6392,2221,118.8,203.9,98.3,4,1
0.83,6.4,2,2.9,7254,2420,122.6,326.1,71.1,3,1
0.9,6.8,1,2.8,6859,3047,124.7,223.5,58.0,3,1
0.85,7.8,2,3.7,7652,2733,123.3,259.1,52.8,4,1
0.97,8.1,2,2.7,6022,2026,120.4,381.4,108.5,4,1
0.74,6.3,1,3.4,6829,2524,118.0,291.4,118.4,4,1
0.84,6.3,1,3.7,8380,2737,132.1,262.5,101.7,3,1
0.96,8.7,1,3.7,11434,2349,89.6,378.9,116.9,4,1
0.96,6.3,2,2.4,9283,2819,146.6,254.4,77.0,4,1
0.94,7.9,1,2.2,11703,2120,148.3,368.9,57.3,4,1
0.94,8.0,1,3.2,8937,2059,137.6,376.0,100.9,3,1
0.84,7.5,2,2.9,6518,2535,118.9,202.5,110.8,3,1
0.99,8.0,2,3.0,11638,2195,99.0,345.3,83.7,4,1
0.74,8.5,1,2.0,7285,3035,136.4,370.4,110.9,3,1
0.93,7.0,2,3.9,6412,3038,80.0,328.7,78.2,3,1
0.72,7.3,2,2.2,10083,2915,88.4,396.1,102.2,3,1
0.73,7.2,1,3.7,10949,2623,140.1,312.5,95.8,4,1
0.99,7.1,1,3.6,9722,2679,110.4,324.0,83.1,4,1
0.91,6.3,1,2.0,8909,2597,109.3,274.8,57.4,3,1
0.85,8.5,2,2.2,11004,2401,76.9,386.0,77.5,4,1
0.95,6.6,2,2.2,9395,2095,143.4,367.5,91.2,4,1
0.84,7.8,1,3.9,6035,3086,126.3,310.6,80.3,4,1
0.98,8.3,1,3.4,7422,2262,69.3,331.5,92.4,4,1
0.85,7.2,1,2.5,8808,2602,100.8,226.7,78.9,4,1
0.95,7.6,2,3.4,10534,2445,78.1,324.8,70.3,4,1
0.98,6.4,1,3.0,11687,2660,123.9,352.2,89.4,4,1
0.9,8.7,2,3.8,9460,2026,107.0,205.1,60.2,3,1
0.76,8.3,1,4.0,11598,2513,73.2,212.4,104.9,3,1
0.93,6.1,2,2.2,11533,3150,137.8,348.5,89.3,3,1
0.85,8.4,2,3.4,6384,2781,94.9,391.3,118.3,4,1
0.99,6.2,2,2.4,9629,2461,142.0,340.9,95.3,3,1
0.93,8.9,2,2.9,11592,2152,76.8,234.8,86.0,4,1
0.71,6.8,2,2.3,10784,2522,60.5,293.3,115.6,3,1
0.75,7.0,1,3.5,11123,2616,104.1,314.5,75.1,4,1
0.86,8.9,1,3.6,7305,2851,108.9,280.7,74.5,3,1
0.9,7.0,2,2.4,11064,3086,102.7,312.3,102.6,3,1
0.73,7.0,1,3.8,11027,2499,146.3,336.5,72.5,3,1
0.82,7.6,2,2.0,10234,2767,106.3,301.7,84.1,4,1
0.97,6.6,1,3.9,7371,3101,108.0,325.4,64.8,3,1
0.96,7.3,1,2.4,11756,2891,118.2,388.0,102.3,3,1
0.71,8.2,1,2.2,6444,2364,131.5,311.6,90.2,3,1
0.97,7.2,2,3.3,9547,2647,61.5,334.7,87.4,3,1
0.93,7.8,1,2.7,10119,2217,86.1,337.2,92.5,4,1
0.93,7.3,2,3.6,6252,2970,74.1,244.0,102.3,4,1
0.99,6.4,2,3.9,6091,3133,138.7,228.3,52.9,4,1
0.86,8.8,2,2.4,11946,2704,79.1,381.1,109.6,3,1
0.75,6.7,2,2.4,7485,3161,136.7,370.3,115.3,4,1
0.89,6.2,1,2.5,7617,3189,103.8,266.2,59.0,3,1
0.73,7.9,1,2.6,9691,2672,115.5,261.1,90.9,4,1
0.94,8.9,1,2.0,8016,2453,124.1,328.2,69.4,4,1
0.74,8.2,2,2.9,8938,2625,103.8,221.8,95.2,3,1
0.95,8.6,1,3.8,7609,2539,126.0,325.3,100.9,3,1
0.95,7.9,2,3.5,7742,2075,109.6,308.7,119.9,4,1
0.9,6.4,2,2.4,10830,2595,72.0,300.2,56.3,4,1
0.85,8.0,1,3.5,7149,2913,74.3,313.3,89.6,3,1
0.92,7.5,2,2.1,9994,2474,65.7,273.9,53.0,3,1
0.86,8.4,2,2.9,9724,2095,63.6,329.7,57.2,4,1
0.95,6.8,1,2.8,9100,2748,112.9,379.6,55.4,4,1
0.81,8.7,2,2.7,8826,2997,131.3,377.4,50.5,3,1
0.83,6.7,2,2.4,7531,2322,92.6,343.5,58.3,3,1
0.82,7.0,1,3.0,9922,2981,79.0,232.2,108.3,3,1
0.77,6.4,1,2.3,10199,2080,140.2,229.4,61.6,3,1
0.85,7.2,1,3.8,11963,2580,145.3,243.3,92.5,4,1
0.96,6.5,2,3.2,10773,2372,116.1,302.2,61.7,4,1
0.98,7.8,1,2.5,9157,2270,69.8,240.5,110.2,4,1
0.95,7.8,1,3.0,11036,2079,139.0,306.3,102.7,3,1
0.84,6.4,1,3.8,11558,2883,107.0,274.1,53.0,4,1
0.77,8.4,2,2.7,11707,3179,68.8,226.8,83.4,3,1
0.97,6.3,2,2.5,6044,2014,112.0,223.6,50.5,3,1
0.91,6.9,2,2.2,9490,3198,82.8,371.0,79.6,4,1
0.88,9.0,2,3.5,9385,3130,130.5,296.5,75.9,4,1
0.78,6.9,2,3.5,9261,2282,136.9,331.9,102.3,4,1
0.93,8.8,1,2.4,9281,2693,132.1,322.8,97.9,3,1
0.75,8.9,1,3.6,7190,2965,143.3,287.1,54.5,3,1
0.81,7.8,2,3.9,9282,3067,85.8,392.7,54.0,3,1
0.89,7.3,1,3.7,10244,2585,77.5,356.8,85.7,3,1
0.88,8.0,2,2.5,6002,2322,67.8,255.2,78.0,4,1
0.82,6.6,1,3.5,6562,2184,109.5,345.2,89.1,4,1
0.8,8.4,1,3.2,7593,2931,143.7,315.0,68.3,4,1
0.85,7.7,2,2.7,6958,3051,146.1,375.2,106.9,4,1
0.91,8.9,2,3.5,8782,2939,121.3,379.3,110.3,4,1
0.73,6.2,1,3.4,7883,2646,97.1,270.6,87.5,4,1
0.77,6.3,2,2.2,7462,2975,88.2,243.7,90.2,3,1
0.98,8.0,1,3.0,7635,2480,126.2,374.5,64.5,3,1
0.95,8.5,2,2.3,6873,2245,142.8,335.2,96.4,3,1
0.93,7.6,1,3.7,9040,2645,104.3,397.1,112.8,4,1
0.85,9.0,2,2.8,10724,2262,64.9,359.9,83.5,3,1
0.85,7.2,1,2.9,6986,3061,101.4,337.8,50.8,3,1
0.81,6.3,2,3.2,8127,2383,109.4,247.4,83.0,4,1
0.81,7.5,1,2.8,9049,2747,136.9,255.9,62.6,3,1
0.99,8.1,1,3.4,7931,3137,98.9,276.2,60.2,3,1
0.84,6.0,2,3.0,11166,3058,108.1,263.1,84.1,4,1
0.87,7.7,2,2.2,7338,2122,79.4,250.9,108.7,3,1
0.83,7.0,2,2.7,10566,2527,91.0,282.4,74.6,3,1
0.87,7.9,1,4.0,8331,2727,89.3,302.1,104.2,4,1
0.97,7.1,2,2.9,7186,2343,117.7,385.7,79.5,4,1
0.95,6.2,1,2.7,8568,2648,118.8,342.1,92.4,4,1
0.78,7.3,2,3.5,10267,2922,97.3,236.8,51.6,3,1
0.9,8.8,1,2.4,9252,2210,68.6,387.4,83.1,3,1
0.71,7.2,1,2.2,11063,2318,67.6,386.3,77.3,3,1
0.77,6.9,1,2.3,7397,2058,63.2,271.4,114.1,4,1
0.84,8.6,2,3.1,7106,3104,75.9,319.5,94.2,4,1
0.86,7.9,2,3.8,9945,3105,80.4,217.9,71.6,4,1
0.78,6.9,1,3.0,7116,2704,85.8,307.0,98.1,4,1
0.98,7.4,1,3.5,8399,2473,131.7,309.6,63.2,4,1
0.82,6.5,2,3.7,7807,2538,67.1,325.1,86.2,4,1
0.79,8.2,2,2.8,6560,2373,72.3,222.1,81.9,4,1
0.78,7.9,1,2.6,7246,2101,147.3,204.4,118.1,4,1
0.78,8.1,1,2.5,7234,2030,104.4,268.4,71.8,4,1
1.0,7.4,1,2.7,7196,2114,84.0,278.5,88.0,3,1
0.76,8.5,2,3.7,6999,2509,94.6,395.0,67.3,3,1
0.76,8.2,1,3.0,7707,2968,95.0,392.2,115.5,3,1
0.89,6.1,1,2.5,11230,2611,77.9,377.5,110.5,3,1
0.99,6.7,2,2.6,7371,2565,112.6,279.2,67.0,3,1
0.87,8.1,1,2.7,6733,2509,74.2,218.3,93.3,3,1
0.72,7.9,1,2.3,7906,2648,148.4,357.7,103.0,4,1
0.92,6.1,2,2.7,7103,2513,140.9,297.1,80.6,4,1
0.86,7.5,1,3.1,8651,2959,84.8,366.3,114.0,3,1
0.72,6.5,2,3.6,10436,2751,100.9,355.2,85.4,3,1
0.96,7.9,2,3.6,7956,2656,124.9,331.7,87.7,4,1
0.76,8.0,1,3.2,8642,2839,117.7,222.1,86.6,3,1
0.71,8.8,1,3.7,7655,2219,103.7,219.8,90.0,4,1
0.9,7.6,2,2.1,7808,2145,61.2,384.2,95.9,3,1
0.84,7.9,2,3.1,9407,2755,131.5,211.7,93.2,3,1
0.92,8.5,1,3.9,10255,2198,69.1,246.2,77.0,3,1
0.86,6.7,1,3.1,10572,2850,127.1,353.3,90.4,4,1
0.91,7.3,1,2.3,7477,3126,96.1,267.5,61.1,4,1
0.98,8.7,2,3.7,9377,2881,134.4,264.7,66.9,3,1
0.81,7.7,2,2.7,9706,2916,146.4,200.0,52.4,4,1
0.88,7.6,2,2.0,7817,2439,137.0,204.3,107.5,4,1
0.98,7.5,1,2.2,9771,2728,74.0,253.0,112.3,3,1
0.77,8.4,1,3.1,10661,2445,126.1,344.7,105.5,3,1
0.85,8.7,1,3.2,8460,2076,125.8,315.3,55.5,3,1
0.98,7.0,2,2.8,6987,2464,127.3,369.9,115.0,4,1
0.72,7.6,2,3.1,7225,2669,105.2,244.2,53.5,4,1
0.99,8.3,1,2.4,8373,2807,73.3,267.2,83.3,3,1
0.86,6.8,2,3.0,11716,2267,128.6,296.2,63.9,4,1
0.9,6.6,1,2.5,8181,2880,89.1,384.8,56.3,4,1
0.83,7.0,2,2.7,11369,2049,129.3,233.9,74.5,4,1
0.89,7.3,1,2.4,9062,2319,128.2,370.6,57.9,3,1
0.77,7.9,1,3.7,8356,2028,90.9,360.9,71.4,4,1
0.71,6.6,1,2.4,10286,2529,109.4,324.6,119.5,3,1
0.81,8.7,1,2.5,6492,2581,78.1,339.3,69.0,4,1
0.9,6.0,2,3.3,11431,2737,137.8,203.8,110.7,4,1
0.77,7.1,1,3.8,9970,3088,67.9,239.8,117.7,3,1
0.71,8.8,2,2.7,9222,2321,61.7,336.9,74.9,4,1
0.77,8.9,2,3.6,11126,2527,139.1,378.1,107.0,3,1
0.57,6.8,0,0.8,4218,2472,48.2,259.5,66.0,2,0
0.37,5.5,0,1.3,5693,1956,65.6,196.9,70.3,1,0
0.33,3.8,0,1.7,6603,2619,52.1,170.7,74.4,2,0
0.55,4.7,0,1.8,5627,2739,49.5,160.2,66.6,2,0
0.07,4.3,0,2.0,7270,2126,92.8,212.1,60.6,1,0
0.45,6.3,1,0.8,2539,1909,47.9,153.9,89.3,2,0
0.16,5.3,0,1.7,2891,2503,41.6,161.9,79.0,0,0
0.3,5.4,1,0.9,4174,2303,68.4,174.6,51.3,1,0
0.46,3.1,1,2.4,2823,2560,80.3,180.4,50.2,0,0
0.56,6.9,1,1.9,4748,2708,54.8,210.7,42.1,2,0
0.49,5.9,1,1.7,7082,2385,75.6,228.8,83.8,0,0
0.31,4.8,0,2.3,3012,2331,72.3,297.6,42.0,1,0
0.31,5.5,0,0.9,4600,2207,93.1,266.1,54.3,0,0
0.25,5.5,0,1.9,2165,2274,89.8,217.8,76.1,0,0
0.11,5.3,0,1.3,3649,2261,41.5,218.1,84.8,0,0
0.53,3.4,1,1.9,6828,2615,49.8,260.0,44.6,2,0
0.27,4.5,1,2.0,5191,2426,97.0,206.8,59.0,0,0
0.55,5.3,0,0.8,2184,1983,86.1,157.7,55.4,2,0
0.46,4.8,0,0.7,2077,2783,52.2,243.4,52.7,1,0
0.3,5.0,0,1.7,5042,2043,53.0,248.9,62.7,1,0
0.05,5.4,0,2.3,3278,2434,77.7,273.0,50.4,0,0
0.09,5.6,0,0.8,1265,2483,74.7,240.5,56.6,0,0
0.03,4.7,0,0.8,3329,2425,79.7,255.0,68.6,2,0
0.11,4.8,1,2.4,1762,2586,58.0,205.3,58.9,0,0
0.46,6.4,0,1.1,2102,1924,81.7,191.2,66.4,2,0
0.13,3.8,0,0.7,6977,2444,71.7,163.2,76.2,2,0
0.56,6.9,1,1.4,7945,2124,55.6,236.3,71.2,0,0
0.37,5.0,1,1.5,2473,2704,76.6,256.3,89.0,0,0
0.07,4.9,0,2.0,2698,2618,76.9,212.2,42.3,1,0
0.34,5.6,0,1.8,6652,2088,55.3,160.2,55.0,2,0
0.19,3.0,1,1.2,6934,2382,77.0,154.4,48.8,1,0
0.5,6.7,1,2.3,7531,1836,78.7,222.2,71.4,2,0
0.54,4.8,1,2.4,1458,2655,71.3,234.7,73.9,2,0
0.32,3.8,1,2.1,7519,2162,44.0,172.4,82.0,1,0
0.59,5.5,0,1.6,4191,1991,75.7,279.7,77.6,2,0
0.51,5.8,1,1.3,5071,2698,54.3,217.8,87.5,0,0
0.32,3.7,1,2.1,7371,2006,94.8,216.6,41.2,1,0
0.54,3.6,1,2.3,7000,2694,71.4,266.3,47.2,0,0
0.49,6.8,0,0.9,1299,2270,63.3,279.7,45.8,1,0
0.56,5.7,0,1.2,1377,1905,71.2,248.8,55.6,2,0
0.46,5.6,0,1.1,2577,2093,56.6,197.9,62.1,0,0
0.16,3.6,0,0.5,6103,2373,70.8,181.0,57.5,1,0
0.16,6.8,1,1.6,2403,1872,58.7,283.8,67.0,0,0
0.08,4.9,0,0.7,1440,1888,65.6,176.8,69.8,2,0
0.38,5.8,1,1.7,3559,2140,89.0,256.9,73.5,2,0
0.05,6.7,1,1.6,1761,2632,88.1,254.8,44.9,1,0
0.41,5.8,1,1.4,2833,1947,91.7,242.5,85.6,1,0
0.11,6.7,1,2.1,3660,2264,69.3,159.8,45.6,1,0
0.28,3.7,1,1.7,2043,2320,46.2,272.6,79.8,1,0
0.33,3.3,1,1.6,4283,2404,64.8,243.1,67.4,1,0
0.23,4.4,1,2.1,4566,2380,87.2,231.7,51.8,2,0
0.4,6.0,1,0.7,5883,2274,59.5,164.6,62.3,1,0
0.57,3.3,0,1.9,5885,2589,89.2,199.1,72.2,0,0
0.05,6.3,0,2.0,6413,1952,67.2,193.7,70.8,1,0
0.12,5.7,1,1.1,7507,2735,80.8,287.8,86.8,2,0
0.59,4.4,0,1.7,6009,2322,64.3,169.1,54.7,1,0
0.54,6.9,0,1.9,7723,2167,46.6,192.3,41.6,1,0
0.42,4.6,1,1.9,4326,2190,66.1,181.7,48.7,0,0
0.11,4.5,1,2.2,2263,2095,99.8,250.5,46.7,0,0
0.39,3.6,1,1.8,2112,1886,48.2,270.9,83.0,2,0
0.36,4.7,0,1.4,4474,2365,89.2,207.7,51.3,1,0
0.36,5.3,0,1.9,3205,2220,95.6,236.5,41.7,0,0
0.34,5.8,0,1.7,6656,1881,48.5,259.7,89.2,1,0
0.28,3.3,0,1.0,6166,2559,79.8,250.3,74.2,2,0
0.48,4.2,0,2.3,5382,2597,40.6,218.1,85.3,2,0
0.44,4.7,1,1.1,1289,2511,95.4,262.4,76.3,2,0
0.16,5.5,0,1.6,6376,2098,88.5,243.6,54.3,0,0
0.08,3.3,1,1.0,6044,2087,56.5,188.5,77.1,2,0
0.1,5.4,0,1.8,4029,2627,50.5,267.4,51.8,0,0
0.48,6.4,1,2.5,2188,2409,96.0,173.1,64.8,1,0
0.46,4.0,1,2.0,2370,2015,74.7,276.3,42.7,1,0
0.45,3.5,0,1.4,4901,2108,68.6,292.2,86.1,0,0
0.23,5.8,1,1.0,5345,2691,66.1,193.3,79.9,1,0
0.41,6.8,0,0.7,5352,2452,61.2,276.6,70.5,2,0
0.52,4.3,1,2.1,3091,2470,75.1,219.2,73.8,0,0
0.44,5.4,0,1.5,6551,2506,99.6,197.0,40.5,0,0
0.5,3.0,0,1.6,6615,2256,61.1,258.8,52.6,0,0
0.01,3.4,0,2.4,6227,1924,82.5,168.0,82.8,0,0
0.23,6.1,0,2.3,6698,1988,55.2,220.0,86.8,2,0
0.27,7.0,1,1.9,6468,2588,86.2,188.6,79.0,1,0
0.47,4.5,1,2.5,3115,2778,88.8,176.7,43.5,0,0
0.37,3.7,1,0.7,5428,2587,65.9,242.1,45.3,1,0
0.43,3.4,0,0.6,6960,2056,86.6,152.8,64.9,2,0
0.38,6.7,1,1.0,6734,2137,94.3,236.2,65.8,1,0
0.29,4.6,0,1.6,1027,2193,97.2,272.7,64.1,2,0
0.32,7.0,1,1.9,4281,1856,77.9,293.8,44.5,2,0
0.51,4.4,1,2.0,3375,2463,52.2,233.2,88.4,2,0
0.11,5.8,0,1.8,3943,2298,45.1,244.9,76.8,0,0
0.02,3.1,0,1.5,1516,2611,72.4,196.2,66.7,1,0
0.58,3.1,1,0.6,7453,2538,42.6,167.7,80.4,2,0
0.31,6.8,0,2.0,2908,2747,44.3,260.3,64.4,0,0
0.28,6.7,0,1.0,6314,1933,40.9,244.9,85.2,0,0
0.27,3.7,0,2.1,1871,1916,69.8,269.9,51.0,0,0
0.26,6.2,1,1.1,6604,2389,72.8,198.2,88.2,0,0
0.46,5.4,1,0.6,3243,1944,85.5,175.2,58.5,0,0
0.26,6.7,0,0.8,7480,2667,77.9,206.4,47.9,1,0
0.05,3.0,0,1.9,5863,2708,57.0,254.0,79.6,1,0
0.42,3.8,1,1.5,4375,2044,96.3,241.6,41.9,0,0
0.43,5.4,0,1.8,7410,2108,60.9,150.7,51.8,0,0
0.59,6.9,1,2.2,5421,2319,53.2,265.5,73.0,1,0
0.03,3.5,0,1.9,4886,2309,50.6,250.5,42.2,2,0
0.22,3.8,1,1.2,7595,2711,85.5,156.5,77.0,2,0
0.11,6.1,1,1.5,1580,2716,54.1,216.7,69.0,1,0
0.12,5.7,1,1.0,1902,2133,53.7,185.6,60.6,0,0
0.23,3.9,1,1.7,1445,2711,66.2,182.4,70.5,0,0
0.23,3.5,0,1.8,3209,2007,60.2,154.8,68.4,1,0
0.08,6.4,1,1.3,7228,2151,53.2,194.3,47.8,2,0
0.57,6.6,0,0.7,5274,2300,91.7,182.5,63.7,1,0
0.17,5.9,0,1.0,4557,2393,53.3,289.1,87.3,2,0
0.54,4.7,0,0.6,4855,2551,86.1,155.0,66.6,1,0
0.49,5.8,0,1.4,2970,1885,73.5,151.9,76.6,0,0
0.08,4.2,0,0.5,6480,2112,49.7,218.9,68.5,2,0
0.01,4.8,0,2.2,4320,1989,87.4,205.6,63.2,2,0
0.0,5.5,1,2.3,3727,2343,42.0,213.9,53.5,2,0
0.33,6.2,0,1.7,3750,2553,95.9,227.2,85.5,1,0
0.53,3.4,1,1.4,1334,2174,62.0,247.2,75.2,2,0
0.43,3.8,1,1.0,1930,2464,68.7,290.9,69.0,2,0
0.13,6.0,0,1.1,3190,2315,80.8,191.6,43.2,1,0
0.27,5.0,0,1.4,5357,2494,89.5,284.9,62.6,1,0
0.48,6.8,0,0.9,4750,1889,44.8,284.7,54.4,0,0
0.07,4.1,0,1.5,2673,2333,97.1,153.4,60.8,2,0
0.32,3.5,1,1.3,7043,2460,41.3,178.4,41.1,0,0
0.5,5.1,1,1.3,3808,2471,78.8,198.9,69.7,2,0
0.32,5.2,1,1.1,2080,2719,87.4,175.8,53.0,1,0
0.22,4.2,0,0.8,3329,2266,97.4,242.8,48.0,2,0
0.17,6.9,0,0.8,1957,1842,99.6,236.2,62.0,1,0
0.11,5.2,0,1.8,3816,1951,62.4,231.0,48.1,1,0
0.07,3.1,1,2.0,4752,2750,59.2,150.6,76.9,2,0
0.2,5.8,1,2.3,7178,2387,80.0,269.9,76.4,1,0
0.2,3.4,1,2.3,2142,2494,73.1,196.2,60.1,0,0
0.27,3.4,0,1.7,2598,2397,71.6,267.2,78.4,0,0
0.01,5.2,1,1.9,1715,2799,70.7,179.2,55.9,2,0
0.31,3.2,1,1.3,6865,2674,65.7,207.9,40.6,1,0
0.21,6.9,0,0.9,4639,2559,99.6,270.6,54.4,2,0
0.58,4.7,1,0.8,5810,2412,45.2,181.2,63.7,2,0
0.59,3.3,1,0.7,4354,2454,94.9,212.2,67.8,2,0
0.34,6.7,0,0.9,4127,2096,73.2,156.3,81.3,2,0
0.18,5.2,1,0.9,7481,1802,49.2,195.0,72.0,2,0
0.28,5.6,1,1.3,5029,2728,81.3,186.7,46.0,1,0
0.3,6.9,1,1.7,5633,2246,92.1,244.2,63.8,2,0
0.49,4.5,0,2.2,2334,2395,43.5,198.0,83.9,0,0
0.21,3.2,1,1.3,3916,1849,57.4,229.4,86.8,2,0
0.12,5.5,0,1.7,2369,2356,59.4,197.4,82.2,1,0
0.16,5.8,1,0.7,5751,2160,89.4,151.9,65.9,1,0
0.47,4.6,0,0.7,2266,2315,53.3,178.3,84.9,2,0
0.41,6.8,0,1.3,1625,1919,89.1,288.5,64.0,1,0
0.41,3.6,1,2.3,5895,2335,85.8,201.3,75.5,0,0
0.45,3.5,0,2.2,2166,2504,53.6,168.8,46.5,0,0
0.25,6.1,0,0.7,7346,2295,85.4,156.4,45.4,2,0
0.31,3.2,0,2.3,1354,1867,58.1,151.5,44.8,0,0
0.55,3.8,0,0.9,3879,1829,45.4,276.9,87.1,2,0
0.21,3.6,0,1.5,1559,1901,89.2,264.5,66.4,2,0
0.11,4.1,0,2.4,1808,2746,52.8,225.6,75.4,1,0
0.42,3.7,0,0.9,3906,2188,65.4,227.1,60.4,1,0
0.07,3.4,0,1.5,3959,2521,57.3,258.3,44.1,1,0
0.07,4.1,1,1.9,7890,2254,53.6,211.1,89.2,1,0
0.11,3.3,1,2.4,4010,1983,40.8,251.1,73.6,1,0
0.26,5.6,0,0.7,4234,2210,81.7,296.6,77.1,0,0
0.04,6.9,1,0.9,7914,2213,47.4,275.7,76.3,1,0
0.46,6.1,1,2.0,7561,2459,96.6,203.4,73.3,1,0
0.59,5.0,0,2.0,1885,1925,55.0,224.6,71.4,0,0
0.02,6.0,0,1.5,1219,2795,50.7,240.7,56.3,1,0
0.37,3.4,0,1.8,5259,2585,69.5,219.9,54.7,1,0
0.29,4.0,1,2.1,5428,2359,41.1,264.6,89.5,0,0
0.23,4.3,1,1.4,1294,1833,50.6,248.9,79.0,2,0
0.1,4.7,1,1.9,4993,2582,46.6,251.3,73.0,2,0
0.32,4.9,0,1.5,4206,2069,69.7,295.6,70.8,1,0
0.46,4.1,0,0.6,1369,1931,90.2,202.3,77.1,0,0
0.46,5.5,1,0.7,3827,2165,64.7,158.5,52.2,0,0
0.39,5.4,0,2.2,1937,2145,50.2,230.8,41.9,2,0
0.52,5.3,1,1.0,6701,2280,75.3,297.9,58.9,1,0
0.19,3.4,1,0.7,6530,2010,60.2,225.4,78.2,1,0
0.1,4.2,1,0.9,6205,2667,98.4,161.3,82.5,0,0
0.17,3.2,1,2.1,6116,2560,97.5,257.7,68.9,2,0
0.2,3.3,1,1.4,3845,2614,44.6,273.6,65.2,1,0
0.26,5.2,0,1.3,3058,2439,70.9,250.7,67.4,0,0
0.38,5.1,0,1.7,2744,2476,97.7,261.3,63.4,2,0
0.32,5.5,1,2.4,6952,2441,43.6,180.1,63.1,0,0
0.09,5.7,1,2.2,4360,2126,91.6,286.7,71.7,1,0
0.16,4.1,0,1.0,5925,2041,64.4,167.0,49.6,0,0
0.48,4.2,1,1.6,4572,2232,78.8,155.6,48.0,0,0
0.02,6.2,1,1.8,2441,2459,91.2,294.6,64.3,0,0
0.03,6.6,1,1.7,1520,2722,97.3,284.5,73.6,0,0
0.24,6.4,0,1.0,5677,2552,70.0,168.1,73.2,2,0
0.57,6.7,1,1.5,1739,2043,76.0,266.0,55.7,2,0
0.44,6.2,0,2.4,2785,1947,46.4,182.1,53.7,1,0
0.15,5.4,1,1.6,6731,2771,46.8,231.9,63.7,0,0
0.58,6.5,0,1.2,6862,2176,89.3,153.2,88.3,2,0
0.02,6.0,0,1.9,7461,2487,54.4,232.9,55.5,2,0
0.22,6.2,0,1.6,2936,2678,66.5,151.2,88.0,1,0
0.18,6.7,0,1.1,2312,2737,66.3,197.6,80.6,2,0
0.24,3.1,0,2.1,5027,2282,84.2,289.0,56.6,1,0
0.53,6.3,0,1.9,5147,1867,61.1,240.3,80.7,2,0
0.2,5.8,0,1.8,2505,2445,66.6,246.2,40.2,0,0
0.38,4.3,0,0.7,3044,2328,82.8,265.1,72.5,0,0
0.51,5.7,1,1.4,7022,1936,55.6,253.1,81.3,1,0
0.12,4.7,0,1.3,4091,2767,90.1,235.6,41.0,0,0
0.55,5.6,0,2.3,4788,2003,55.7,277.8,42.5,2,0
0.26,4.0,0,2.4,2393,2769,74.0,152.1,66.3,1,0
0.5,5.0,0,1.9,2560,2768,91.7,267.3,54.4,1,0
0.23,4.7,0,1.7,7750,2089,83.6,178.4,49.0,0,0
0.02,6.9,0,1.7,3034,2178,75.0,247.1,44.3,1,0
0.08,4.3,1,1.9,6843,2192,82.5,260.4,52.8,0,0
0.33,3.2,0,1.4,3902,2420,96.4,295.1,69.9,2,0
0.49,3.0,1,1.1,4233,2487,62.3,295.2,68.0,2,0
0.11,3.7,1,2.4,4834,1935,45.4,256.5,61.6,1,0
0.07,3.2,0,1.5,7838,2087,84.9,288.9,54.1,1,0
0.37,6.0,1,1.5,4569,2714,49.9,260.5,64.6,0,0
0.33,6.7,1,0.6,2217,1855,53.8,155.4,53.0,2,0
0.28,3.5,1,0.6,3920,2526,73.7,218.7,45.6,2,0
0.52,3.5,0,0.9,3327,1984,90.1,262.5,81.1,2,0
0.53,5.3,0,1.6,5675,1984,65.0,161.5,78.4,2,0
0.06,4.3,1,1.9,6575,1924,63.7,238.6,87.6,1,0
0.09,3.3,1,1.4,3206,2408,79.5,199.4,42.2,2,0
0.57,4.3,0,0.9,1398,2620,78.6,198.5,42.8,0,0
0.33,5.4,0,1.3,2458,2045,97.9,279.8,44.5,0,0
0.1,6.1,1,1.8,6358,1957,47.2,223.6,61.6,1,0
0.54,5.4,1,1.8,7816,2176,70.8,223.4,84.3,1,0
0.16,5.4,0,2.0,7643,2177,76.8,215.1,61.3,0,0
0.31,6.9,0,1.8,6846,1958,95.8,229.1,72.4,0,0
0.17,4.7,1,1.1,2046,2500,94.2,276.2,66.2,1,0
0.34,5.2,0,1.5,5183,2235,64.8,219.7,76.0,1,0
0.21,5.3,0,0.7,6419,2273,50.8,177.3,59.6,0,0
0.25,5.8,1,1.7,4727,2575,80.2,243.6,53.3,0,0
0.13,3.3,1,2.2,1871,2244,72.1,150.9,45.8,0,0
0.39,4.8,1,2.2,7096,2416,83.6,195.4,80.7,2,0
0.22,5.7,1,2.1,1717,1928,48.1,178.6,80.8,2,0
0.58,6.4,0,1.5,2189,2465,54.5,276.3,82.9,2,0
0.11,4.2,1,0.8,4456,1822,47.0,285.4,76.9,1,0
0.58,4.9,1,1.7,2649,2101,74.2,275.1,42.5,0,0
0.06,6.4,1,2.5,7951,2307,84.2,239.4,67.7,1,0
0.02,4.6,1,1.0,1497,2340,41.1,236.5,67.7,1,0
0.54,4.7,1,0.7,6101,2761,78.8,217.2,61.8,0,0
0.17,3.8,1,1.4,5158,2024,75.3,252.7,86.1,2,0
0.39,3.5,1,1.9,4197,2782,65.0,291.2,72.6,1,0
0.48,6.2,0,1.7,3313,2507,85.0,250.1,46.5,0,0
0.09,5.0,1,2.4,5044,2110,54.1,233.5,90.0,1,0
0.53,4.4,0,0.8,5124,1832,88.4,200.7,45.7,0,0
0.07,3.9,1,2.5,7429,2163,86.2,265.5,67.9,0,0
0.51,6.5,0,1.9,4586,2618,67.4,276.2,45.5,0,0
0.47,5.4,0,2.1,1343,2319,46.3,244.5,83.5,1,0
0.09,4.2,1,2.0,5082,2550,92.2,173.1,58.2,0,0
0.07,3.8,1,2.0,1053,2051,90.1,221.0,54.3,0,0
0.05,4.5,1,1.2,6447,2051,49.1,263.0,61.1,0,0
0.08,4.7,1,2.3,7982,2328,87.7,204.3,41.5,0,0
0.46,5.9,0,0.7,3578,2211,98.9,174.6,43.1,0,0
0.4,5.6,0,2.5,6843,2618,79.6,228.0,54.8,1,0
0.53,5.8,1,1.9,3569,2731,60.6,274.1,85.0,2,0
0.55,5.8,1,1.8,5459,2439,87.3,247.8,74.9,2,0
0.24,3.8,1,0.7,5402,2142,63.4,257.8,84.0,2,0
0.6,4.1,0,1.5,3557,2333,60.4,245.4,41.2,2,0
0.36,4.0,1,2.0,5139,1913,83.9,276.2,53.0,2,0
0.21,3.2,0,1.4,5689,2554,40.3,200.8,51.8,2,0
0.59,5.3,0,1.2,3330,2482,87.1,257.2,73.6,2,0
0.23,6.0,0,1.2,5770,1997,89.4,204.2,44.9,2,0
0.26,4.6,0,0.6,2065,2287,52.9,161.7,73.8,1,0
0.35,5.1,1,2.2,5786,2310,78.2,299.5,74.5,1,0
0.44,4.7,0,0.8,2041,2296,82.7,169.4,75.2,2,0
0.07,3.9,1,0.6,2284,2766,73.5,288.3,45.9,1,0
0.07,4.5,1,0.6,2255,1920,62.3,298.7,55.2,1,0
0.02,3.6,1,0.6,3499,2710,57.0,177.5,77.0,0,0
0.07,4.4,0,1.3,5694,2117,73.9,285.0,79.1,1,0
0.5,6.3,0,2.0,5135,2451,67.7,217.5,62.5,2,0
0.2,6.2,1,1.3,4239,2147,72.5,293.7,84.5,2,0
0.17,3.4,0,1.9,5685,2445,87.8,256.1,68.1,0,0
0.39,3.3,0,2.4,5274,1993,85.0,225.4,40.9,2,0
0.56,3.7,0,1.0,2685,2051,89.8,275.8,69.0,0,0
0.48,5.4,1,1.7,5026,2682,96.0,201.0,49.0,0,0
0.52,4.3,1,0.7,1813,2354,50.1,171.6,52.8,0,0
0.09,6.8,0,0.6,3664,1985,41.6,158.8,59.5,1,0
0.09,6.6,1,1.3,7780,2721,47.3,180.4,77.6,2,0
0.14,5.0,1,2.4,3206,1862,59.1,233.0,43.3,0,0
0.24,3.9,0,1.0,5801,2491,46.1,264.4,72.6,0,0
0.18,4.6,0,2.2,5099,2008,87.0,171.4,67.0,0,0
0.47,5.2,1,2.4,5547,2262,42.5,271.9,88.1,2,0
0.17,6.9,0,0.6,4950,2079,75.9,275.9,59.0,1,0
0.51,3.9,1,0.6,7055,2346,73.8,195.1,59.8,0,0
0.5,5.9,1,2.3,2727,2425,70.3,270.3,84.2,1,0
0.38,6.9,1,1.0,6425,2129,60.5,219.0,70.0,0,0
0.55,3.5,0,1.7,1035,2723,40.6,176.0,67.8,2,0
0.42,6.0,0,2.1,6317,2466,44.7,154.6,81.6,2,0
0.27,3.5,1,2.2,3932,2196,50.6,265.2,74.9,0,0
0.07,4.5,0,1.4,2814,2560,41.2,192.2,86.1,1,0
0.11,6.3,1,2.1,2811,2039,98.8,295.1,41.8,1,0
0.54,5.8,0,0.5,7726,2453,63.8,280.5,68.5,1,0
0.1,3.8,0,0.6,2050,2563,43.9,188.9,68.5,0,0
0.53,5.9,1,0.9,6554,1823,99.5,253.9,66.6,1,0
0.41,6.5,0,2.4,6250,2489,96.6,157.8,86.9,1,0
0.51,4.6,0,1.9,4822,2307,61.7,263.9,84.2,0,0
0.03,6.7,1,1.1,4210,1999,60.1,282.0,80.4,2,0
0.14,5.8,0,2.3,2612,1968,59.8,159.4,71.3,0,0
0.29,6.2,1,2.2,3024,1910,68.4,293.8,81.6,1,0
0.31,3.9,0,2.1,6075,2249,85.8,243.8,68.9,0,0
0.58,6.7,1,1.1,7944,2510,43.9,169.1,86.0,1,0
0.03,5.4,1,0.6,6550,1857,73.6,194.2,59.1,0,0
0.37,4.6,0,1.4,4802,2614,65.7,243.0,45.1,2,0
0.56,6.1,1,1.5,5815,1997,46.5,151.8,75.7,2,0
0.47,3.8,0,1.8,3099,2163,65.3,258.7,62.2,0,0
0.08,3.2,0,1.1,4570,2325,97.6,263.2,55.6,2,0
0.47,3.6,1,1.7,3384,2177,98.2,227.7,72.9,0,0
0.03,5.0,0,1.3,2600,2799,52.0,286.3,79.3,1,0
0.11,4.9,1,1.7,3712,2672,74.7,294.5,70.8,1,0
0.2,3.4,0,1.5,1030,2454,53.4,184.5,71.2,0,0
0.29,6.1,1,2.1,4079,2010,64.0,273.9,40.3,0,0
0.04,3.1,0,0.8,4607,1999,77.9,286.9,58.0,0,0
0.12,4.1,0,2.3,6888,1978,60.4,233.2,48.9,0,0
0.11,4.0,0,0.5,6549,1940,62.7,268.1,45.5,0,0
0.18,4.0,1,1.8,5316,2800,87.9,243.5,61.7,2,0
0.04,3.6,0,2.1,2570,2345,62.7,206.1,70.0,2,0
0.15,3.2,0,2.2,3409,2608,48.9,187.1,71.5,1,0
0.52,6.4,1,0.9,1666,2603,68.2,249.5,43.2,2,0
0.23,6.5,1,1.5,4803,1983,59.3,206.1,74.7,2,0
0.57,4.9,1,1.8,7476,2397,79.0,181.1,84.7,1,0
0.52,4.6,1,1.4,4089,2385,49.4,276.4,52.7,0,0
0.08,3.3,1,1.5,2885,2397,42.5,226.8,56.8,1,0
0.28,4.6,1,1.1,4132,1825,50.8,185.1,72.3,1,0
0.54,4.2,0,2.1,2865,1900,47.1,204.0,67.3,1,0
0.12,4.3,1,2.0,7295,2499,90.7,178.6,70.2,0,0
0.6,6.0,1,0.5,3453,2088,89.3,267.5,60.2,1,0
0.49,6.0,0,1.4,5199,2579,97.1,279.8,51.4,2,0
0.45,4.9,1,1.9,4779,2148,87.5,197.0,49.4,2,0
0.25,4.8,0,1.2,5730,2694,47.7,291.5,40.5,2,0
0.5,4.4,1,1.4,7165,2213,85.8,253.6,55.0,2,0
0.01,6.1,0,0.8,3705,2381,77.8,240.5,70.4,1,0
0.59,3.8,1,0.6,4165,1992,68.5,199.3,88.1,2,0
0.54,3.4,0,1.8,2455,1832,89.6,240.5,41.3,0,0
0.04,6.9,1,0.9,3384,2475,71.5,218.2,58.4,0,0
0.1,6.4,1,1.3,1907,1932,72.2,221.7,43.4,0,0
0.08,3.8,1,2.1,6445,2286,49.5,236.3,55.5,0,0
0.3,5.7,1,0.9,2168,2256,43.8,209.9,80.4,2,0
0.2,5.3,1,1.4,5719,1840,84.2,193.2,84.0,1,0
0.21,6.4,1,1.3,7745,2629,91.0,212.3,49.0,2,0
0.44,4.8,0,1.9,1782,2202,81.9,156.5,84.3,0,0
0.16,5.5,1,1.8,1546,2514,83.6,285.3,85.4,1,0
0.6,5.2,1,0.7,1861,2316,86.0,198.9,62.5,1,0
0.12,3.2,0,0.6,6689,2491,85.0,207.2,77.3,0,0
0.24,3.0,0,1.9,2118,2134,80.2,219.6,63.1,0,0
0.33,4.0,1,0.8,7720,2085,90.5,175.6,40.9,0,0
0.11,3.5,1,0.8,6500,2581,40.7,191.0,62.0,0,0
0.13,3.1,0,1.4,1391,2656,78.1,228.4,73.1,2,0
0.54,4.6,1,1.4,5900,1804,42.9,206.6,50.1,0,0
0.22,4.0,0,0.5,1228,1814,60.2,178.8,73.4,0,0
0.58,3.4,0,1.9,1360,2225,70.8,272.3,56.1,2,0
0.11,3.8,1,2.4,1989,2037,52.8,203.5,48.7,1,0
0.39,3.0,0,1.4,1540,2473,88.9,247.5,58.4,0,0
0.53,4.6,1,2.5,1834,2529,72.2,298.6,82.5,0,0
0.15,3.4,1,2.5,6704,2197,80.7,295.9,74.7,1,0
0.11,6.0,1,2.5,6458,2293,44.1,152.6,85.6,1,0
0.23,5.6,0,1.5,6772,1813,54.0,242.5,84.8,1,0
0.14,4.7,0,1.7,1490,1940,62.5,194.5,47.6,0,0
0.39,4.0,1,2.0,3692,1937,56.7,246.5,78.0,2,0
0.48,4.7,1,2.0,2876,2667,84.0,201.4,50.3,0,0
0.54,5.7,0,2.1,6703,2536,53.3,280.9,66.1,0,0
0.27,3.0,1,0.6,2576,1853,78.1,171.2,50.2,0,0
0.1,5.2,0,1.0,1640,2236,83.5,196.7,76.1,0,0
0.25,5.4,1,1.1,4672,2790,78.1,190.8,79.1,0,0
0.57,4.4,1,0.8,4615,2232,70.3,260.2,78.0,1,0
0.01,4.5,0,2.0,3459,2409,72.2,232.9,48.8,1,0
0.28,4.8,1,1.6,4939,1873,60.0,257.2,49.8,0,0
0.0,6.4,1,1.5,4406,2762,63.7,261.3,59.2,1,0
0.38,5.4,1,2.3,2019,2194,95.9,174.4,78.1,1,0
0.46,6.0,1,1.5,5002,2450,81.3,254.5,72.5,1,0
0.44,4.0,0,2.3,3960,2446,82.4,154.2,73.3,0,0
0.16,4.8,0,1.0,5932,2392,97.1,276.2,40.6,0,0
0.39,6.7,1,1.9,1658,2330,94.6,281.4,48.3,1,0
0.15,4.2,1,1.7,7012,2221,85.1,288.6,83.5,0,0
0.38,6.1,1,2.1,3203,2566,52.6,262.2,75.0,0,0
0.59,6.3,0,0.7,7338,2513,65.1,212.5,54.4,1,0
0.1,4.5,0,0.9,2490,2314,96.9,217.6,80.7,0,0
0.12,6.0,0,1.0,4348,2251,77.6,243.7,83.4,0,0
0.05,3.3,0,1.1,3802,1830,75.1,221.7,73.6,0,0
0.01,4.1,0,1.8,7465,1842,45.8,228.4,40.4,2,0
0.31,6.8,1,2.4,4876,2575,60.2,214.4,58.5,1,0
0.6,6.3,1,1.8,4100,2425,43.4,203.4,56.5,0,0
0.0,6.5,1,2.0,2137,1826,76.1,280.4,54.0,2,0
0.45,4.0,1,1.7,6397,2690,68.5,212.0,49.4,2,0
0.57,6.3,0,1.8,1374,2792,88.5,198.8,62.2,2,0
0.29,6.0,0,1.2,4900,2474,91.4,285.8,76.7,1,0
0.36,5.8,0,0.8,7527,1889,58.1,251.0,67.4,1,0
0.1,4.8,0,1.5,5429,2046,54.6,175.6,87.2,2,0
0.05,4.7,0,0.8,3674,2724,63.0,192.1,76.0,2,0
0.29,6.6,0,1.8,5378,2448,83.5,163.6,74.6,0,0
0.56,6.1,0,1.8,4088,2732,83.0,260.4,59.1,2,0
0.47,6.9,1,2.1,2831,2065,46.9,163.2,44.5,2,0
0.36,3.8,0,1.6,2043,2673,58.8,207.0,76.8,1,0
0.04,5.1,1,2.5,3618,2589,61.9,251.9,79.8,2,0
0.4,5.4,0,1.3,5409,2672,67.6,171.7,87.1,0,0
0.3,4.8,1,0.8,6450,2669,88.1,255.4,69.9,1,0
0.3,5.8,1,2.5,6787,2387,68.7,274.3,64.8,2,0
0.58,3.2,1,0.8,6871,2015,90.9,290.2,51.3,2,0
0.03,6.5,0,2.2,6958,2201,57.9,272.3,85.6,0,0
0.59,5.2,1,1.3,4878,2156,85.5,208.7,66.4,1,0
0.17,6.7,1,0.7,3649,2570,87.5,279.9,42.7,2,0
0.18,5.6,0,1.4,4952,2098,93.8,181.5,80.2,0,0
0.44,3.0,0,1.9,2209,2185,97.0,214.1,82.1,0,0
0.06,6.9,0,2.4,1961,2327,79.0,239.0,88.5,2,0
0.43,4.0,0,1.0,5002,2109,81.3,293.2,72.6,1,0
0.47,7.0,0,2.1,7702,2465,62.9,244.9,62.3,0,0
0.07,3.3,1,1.8,5175,2030,41.4,235.9,68.6,1,0
0.42,3.4,0,1.3,6280,2519,66.0,235.7,45.0,0,0
0.43,6.4,0,1.3,6740,1820,63.6,272.6,79.2,2,0
0.29,5.1,0,2.0,2699,2788,79.5,167.6,83.1,2,0
0.11,5.2,1,0.7,2055,2388,52.4,174.2,68.1,0,0
0.05,3.5,1,1.2,5459,1975,65.4,291.8,40.0,1,0
0.03,6.8,1,1.8,4644,1943,74.6,254.3,66.1,1,0
0.36,5.0,0,1.8,1366,2042,42.2,171.3,82.8,0,0
0.57,5.4,0,1.7,3272,1931,83.7,213.3,67.5,1,0
0.23,6.6,1,1.4,3082,2492,65.5,254.2,66.8,0,0
0.38,4.1,0,1.9,5617,2473,78.9,226.7,48.2,0,0
0.19,6.2,1,0.6,5944,2053,44.7,168.7,45.5,2,0
0.24,4.3,0,1.2,3732,2596,56.4,280.3,51.3,0,0
0.06,6.9,0,1.3,1860,2601,95.5,176.4,76.4,1,0
0.35,6.2,0,1.6,6738,2385,91.9,232.7,70.4,0,0
0.1,6.8,1,0.9,7603,2559,80.7,268.3,67.6,1,0
0.29,3.5,0,1.9,6842,1959,79.5,171.4,68.4,1,0
0.03,5.9,1,1.9,3040,2494,76.5,256.0,49.2,1,0
0.48,5.0,1,2.4,5264,2764,83.1,288.6,51.4,2,0
0.51,6.8,1,2.0,7924,1892,78.1,161.5,52.0,0,0
0.1,3.2,1,1.6,5037,2627,92.5,294.3,61.2,2,0
0.56,3.5,1,1.5,6544,2709,71.9,168.7,40.7,0,0
0.55,6.0,1,1.9,7141,2153,54.7,260.8,87.5,2,0
0.41,3.2,1,2.4,6525,2752,92.9,228.5,51.3,0,0
0.22,3.5,1,2.4,4462,2307,62.7,206.0,45.7,2,0
0.15,5.2,0,1.1,4957,2100,55.9,150.3,71.6,1,0
0.13,4.2,0,2.4,6060,2668,69.3,203.4,70.8,1,0
0.18,3.4,1,2.3,2525,2211,61.3,165.2,64.6,0,0
0.32,6.6,1,0.7,4992,1807,49.3,248.5,51.3,1,0
0.22,4.5,0,1.6,3207,1911,99.4,248.4,62.0,0,0
0.21,4.7,1,2.3,6809,2003,46.6,192.7,46.7,1,0
0.45,6.6,0,1.8,4926,2782,79.9,189.9,61.1,2,0
0.3,5.7,0,1.1,7261,2599,92.9,225.3,86.2,1,0
0.08,6.8,0,0.8,3819,2312,40.8,252.7,42.6,1,0
0.26,5.4,0,1.4,3371,2088,69.2,264.1,52.4,0,0
0.44,3.7,1,2.0,3158,2517,54.8,273.1,49.9,2,0
0.47,3.4,0,0.9,5843,2444,78.1,184.4,46.6,0,0
0.16,3.8,0,1.4,6050,2004,45.5,157.6,60.4,1,0
0.42,6.9,0,1.2,4925,1862,70.6,246.6,55.2,1,0
0.22,6.8,1,1.0,1389,1986,42.5,157.8,77.2,0,0
0.17,4.1,0,1.4,3066,2771,69.5,200.1,45.6,2,0
0.01,5.2,0,1.2,7072,2629,61.7,266.8,66.4,1,0
0.14,4.1,1,0.7,1871,1933,77.8,240.3,42.1,2,0
0.49,3.8,1,2.4,1613,2764,72.8,201.4,76.3,0,0
0.32,3.6,0,0.9,5509,2528,55.2,281.6,82.7,2,0
0.59,6.6,1,1.8,1961,2732,66.2,222.4,66.2,2,0
0.47,3.7,1,1.9,2056,2096,42.7,234.9,79.7,2,0
0.11,6.3,1,1.9,5206,2794,44.5,215.7,65.5,2,0
0.47,4.6,1,0.9,1029,1963,74.3,238.8,40.4,2,0
0.27,5.8,1,1.1,2804,2103,82.5,232.8,48.6,0,0
0.32,4.2,0,2.4,3275,2749,48.0,281.0,42.6,0,0
0.59,3.8,0,0.5,3846,2447,76.3,205.4,44.2,2,0
0.53,4.1,0,1.3,6009,2101,59.5,158.6,80.8,1,0
0.13,6.9,0,1.0,1128,2350,79.4,280.2,87.0,2,0
0.06,6.0,1,2.4,3108,2690,77.6,240.7,50.3,1,0
0.13,4.1,1,0.8,2898,2547,83.6,205.3,85.1,0,0
0.3,4.8,0,0.9,5018,2765,83.8,247.1,41.1,0,0
0.53,6.3,0,0.6,1590,2236,54.7,286.4,88.5,0,0
0.43,3.5,0,1.7,4095,2193,41.2,274.0,78.2,2,0
0.56,3.5,0,1.0,6139,2414,40.8,295.0,87.9,0,0
0.33,6.3,0,0.9,4935,2577,73.8,216.6,48.2,1,0
0.29,4.0,1,1.8,2008,1821,89.5,165.4,54.8,2,0
0.53,4.7,0,2.3,1196,2032,65.6,172.1,72.8,0,0
0.55,5.7,0,1.5,1902,2029,46.1,293.4,57.9,2,0
0.2,4.4,0,2.3,5952,1954,50.7,229.6,70.0,2,0
0.26,6.6,1,1.7,3351,2156,92.5,190.7,65.0,1,0
0.56,6.2,0,2.1,2217,2596,79.4,198.0,59.5,2,0
0.48,6.9,0,0.7,4501,2782,83.6,171.7,56.2,0,0
0.11,4.5,1,1.5,4942,2510,98.4,240.3,71.8,0,0
0.48,5.6,0,1.3,5500,2309,72.3,223.9,66.8,0,0
0.23,5.3,1,1.6,7361,2510,88.7,182.9,44.4,1,0
0.0,7.0,0,1.2,4882,2780,48.0,166.5,85.6,1,0
0.51,6.5,0,1.1,2180,2655,91.2,295.8,85.6,0,0
0.13,3.9,0,0.7,6699,2520,48.6,260.0,74.8,1,0
0.22,5.8,0,1.5,5865,2691,49.5,172.0,47.1,0,0
0.05,5.3,1,0.8,2494,2281,84.6,262.2,74.9,1,0
0.28,5.9,1,2.1,6695,1813,57.2,173.4,84.1,0,0
0.36,3.7,0,0.5,7821,2233,80.8,281.4,67.7,1,0
0.55,5.0,0,1.3,2284,2078,98.4,228.2,88.9,0,0
0.45,4.6,0,0.9,2504,2642,84.8,233.9,82.1,2,0
0.28,4.3,1,2.2,2350,1855,88.2,247.0,49.7,0,0
0.06,4.5,1,0.6,3311,1966,72.5,159.8,69.9,1,0
0.11,3.8,0,1.0,1696,2800,74.2,156.7,89.3,1,0
0.03,4.3,1,0.5,3921,2569,56.9,209.7,49.7,1,0
0.44,6.9,0,1.2,7073,2315,46.1,271.1,47.5,2,0
0.48,4.9,0,1.1,2241,2498,67.8,282.8,44.7,2,0
0.14,3.9,0,2.0,2319,2786,70.1,298.8,70.4,2,0
0.56,4.4,0,1.2,3951,2438,91.4,214.6,84.5,2,0
0.23,3.8,0,2.4,5644,2442,99.7,164.6,40.7,1,0
0.33,6.9,0,1.5,4725,2121,50.2,194.3,43.4,2,0
0.22,3.4,0,1.9,4774,2064,99.2,296.8,78.2,1,0
0.39,3.6,0,2.4,4999,1840,61.8,193.0,60.5,2,0
0.55,3.5,1,1.5,6116,2774,58.8,162.5,60.7,1,0
0.16,6.5,0,1.7,6274,1858,84.5,186.7,81.1,0,0
0.09,3.4,1,0.8,4270,2674,44.4,208.2,63.1,0,0
0.21,4.9,1,0.7,2476,2549,46.5,293.9,59.8,1,0
0.12,4.3,1,1.2,5950,2297,52.8,261.2,45.7,1,0
0.02,3.6,1,0.8,2748,2127,74.1,298.2,78.7,0,0
0.56,4.4,1,2.5,2748,1855,52.7,153.4,77.9,1,0
0.16,5.5,0,0.8,3243,2214,44.9,281.1,62.6,1,0
0.31,5.7,1,0.9,1440,1894,93.7,214.3,88.2,1,0
0.1,4.4,1,1.5,5386,2505,87.0,294.8,61.8,2,0
