sleep_hours,sleep_quality,water_liters,steps_count,activity_type,calories,protein,carbs,fat,habit_completion_ratio,mood
8.3,0,2.5,9126,0,3185,121.5,286.3,87.2,0.77,Happy
7.1,0,2.6,8952,1,3130,117.1,254.9,75.9,0.85,Happy
7.6,2,3.8,11108,3,2496,70.6,203.8,101.1,0.94,Happy
7.2,2,3.1,9470,2,1888,120.3,284.1,117.8,0.95,Happy
7.8,1,3.3,11397,1,1942,45.0,207.0,63.2,0.89,Happy
7.2,1,2.8,8413,2,2133,80.7,202.4,61.4,0.81,Happy
8.9,2,3.5,10495,1,2134,90.8,217.5,114.0,0.89,Happy
8.4,0,2.8,9328,1,1865,128.6,250.3,45.3,0.95,Happy
8.8,2,3.4,10940,3,2610,137.3,310.7,51.4,0.79,Happy
7.3,2,3.6,10207,3,2995,83.9,204.8,119.8,0.78,Happy
8.0,0,2.6,8192,1,3193,86.4,165.9,70.5,0.96,Happy
9.0,0,3.3,11977,0,3196,137.3,337.7,101.5,0.87,Happy
7.7,2,2.9,8647,2,2825,123.8,276.9,48.5,0.84,Happy
8.3,0,3.8,10079,2,2130,99.3,344.7,82.4,0.88,Happy
7.0,1,3.0,8079,2,2290,46.4,369.5,115.8,0.73,Happy
7.2,2,3.2,8283,1,2062,112.6,386.7,53.2,0.99,Happy
8.1,2,3.4,11950,1,2438,83.9,317.9,69.9,0.76,Happy
8.8,1,3.2,9015,0,3004,100.9,297.1,40.6,0.77,Happy
8.4,1,2.6,8276,0,2852,66.2,317.2,57.1,0.97,Happy
7.3,0,3.9,10338,3,2633,60.9,174.2,74.5,0.87,Happy
7.8,2,3.2,10986,0,1924,84.3,234.8,108.9,0.72,Happy
7.5,0,2.8,9837,2,2747,67.5,380.8,75.5,0.74,Happy
8.7,2,3.3,8207,0,1991,141.9,362.2,53.3,0.9,Happy
8.0,0,2.8,9642,3,1804,148.4,216.3,102.7,0.97,Happy
7.9,2,3.1,11921,3,2117,60.9,204.4,44.7,0.92,Happy
8.5,2,2.6,9284,3,2829,141.1,282.8,44.6,0.72,Happy
8.0,2,3.8,8280,1,2626,53.2,372.6,59.7,0.88,Happy
8.2,2,3.4,9717,2,2334,62.5,329.0,59.1,0.9,Happy
7.8,0,3.5,9228,0,2738,108.3,290.7,48.0,0.84,Happy
8.1,0,3.3,8542,1,2556,71.3,259.5,83.5,0.98,Happy
7.6,0,4.0,11305,2,3158,51.4,369.5,61.2,0.9,Happy
8.8,2,3.6,8636,1,2502,62.4,308.6,61.1,0.78,Happy
8.0,2,3.9,11465,3,2366,44.8,233.4,50.5,0.72,Happy
9.0,1,2.7,9809,0,2029,48.3,370.8,112.3,0.87,Happy
8.1,1,3.8,10385,1,1885,73.9,374.7,103.7,0.87,Happy
8.7,2,3.8,8860,0,2524,125.8,371.0,72.5,0.9,Happy
8.2,0,2.7,11808,1,2644,42.7,334.1,66.6,0.77,Happy
8.9,0,3.7,11539,2,2126,126.6,177.0,109.8,0.92,Happy
8.7,1,2.8,11344,2,2266,64.5,315.0,71.9,0.98,Happy
7.6,2,2.6,11167,3,3191,147.9,284.1,115.1,0.78,Happy
7.2,1,4.0,8731,0,2022,105.6,236.4,102.9,0.87,Happy
7.9,2,4.0,8473,1,2321,44.9,259.0,81.6,0.82,Happy
8.6,2,3.5,11851,1,2545,87.4,387.2,113.7,0.92,Happy
8.2,1,3.5,8510,2,3165,84.9,250.6,63.7,0.92,Happy
7.3,2,3.1,11851,1,3060,102.6,251.5,106.7,0.81,Happy
7.6,2,2.8,11218,2,2752,88.6,318.9,80.9,0.87,Happy
8.6,0,3.9,11014,2,2855,113.0,304.8,47.5,0.75,Happy
8.9,0,2.9,9271,1,1850,45.1,396.0,88.9,0.77,Happy
8.5,0,3.2,11629,3,2812,84.0,186.9,95.0,0.89,Happy
8.8,1,3.8,11626,1,2160,128.5,324.0,77.2,0.73,Happy
8.1,1,3.9,8497,2,2706,107.4,329.8,80.4,0.84,Happy
8.7,1,3.3,11674,3,2330,122.7,360.0,62.2,0.75,Happy
8.6,0,3.2,8979,2,2280,69.9,229.9,83.2,0.78,Happy
7.3,0,2.8,10842,0,2649,84.8,285.7,73.3,0.75,Happy
7.4,2,3.1,11706,0,2979,81.8,151.5,68.1,0.93,Happy
8.5,2,3.8,11905,1,2799,64.1,259.0,42.3,0.95,Happy
7.7,1,3.5,9656,1,3074,98.8,376.7,87.4,0.92,Happy
8.3,1,2.6,9755,1,1902,68.6,231.8,76.4,0.74,Happy
7.7,1,3.8,9139,2,1967,91.7,337.3,44.2,0.93,Happy
8.9,2,2.8,8281,0,1863,144.5,199.8,41.6,0.93,Happy
7.3,0,2.7,10742,3,2324,124.4,191.9,88.6,0.73,Happy
8.5,1,2.7,11355,0,2985,42.8,228.0,94.2,0.75,Happy
8.9,2,3.1,10928,1,2008,116.7,225.4,94.7,0.76,Happy
8.6,1,3.7,10318,3,3154,80.8,276.5,67.3,0.93,Happy
8.7,1,3.7,8432,3,2113,87.9,333.4,117.2,0.83,Happy
7.5,1,3.7,10204,3,3013,69.5,362.9,106.5,0.93,Happy
7.2,2,3.8,8998,3,2488,43.2,362.7,54.5,0.93,Happy
7.4,2,3.7,9394,2,2938,41.1,387.0,46.8,0.78,Happy
8.4,1,3.2,11105,3,2717,127.2,173.3,57.7,0.77,Happy
8.4,2,3.0,10382,2,2671,149.6,287.6,68.1,0.81,Happy
7.9,0,3.0,8944,2,2044,121.7,387.7,95.2,0.74,Happy
7.4,2,3.6,9132,2,2005,131.6,224.1,68.9,0.92,Happy
7.6,0,3.6,8518,2,2058,110.2,338.2,48.2,0.78,Happy
7.0,0,2.9,9960,0,2317,143.5,269.4,105.8,0.83,Happy
7.8,0,2.6,10578,1,2952,144.4,171.3,59.9,0.91,Happy
8.1,0,3.1,10441,3,2722,139.9,224.3,87.1,0.94,Happy
7.9,2,3.4,8246,0,2225,108.8,216.2,46.5,0.88,Happy
7.5,1,3.3,8641,3,2396,43.6,222.0,62.6,0.7,Happy
8.7,2,2.6,8956,1,2670,52.6,206.2,51.9,0.98,Happy
7.5,1,2.7,8244,2,2699,53.7,322.2,96.0,0.75,Happy
8.9,2,3.3,10022,0,2684,120.8,300.9,42.1,0.83,Happy
7.5,0,3.5,11524,2,2980,44.4,339.1,77.6,0.87,Happy
8.3,1,3.9,8743,3,1986,91.7,252.1,65.7,1.0,Happy
7.2,1,2.7,9686,3,2926,44.0,172.0,60.2,0.91,Happy
7.2,0,3.7,11542,3,2646,46.0,279.6,89.8,0.85,Happy
8.0,2,3.2,8211,1,2389,88.2,324.6,49.7,0.76,Happy
8.9,1,3.4,8980,0,2931,84.9,206.2,107.3,0.91,Happy
7.2,1,3.9,10653,2,2842,117.6,253.9,78.6,0.95,Happy
7.9,2,3.2,8592,1,1942,70.4,347.5,73.2,0.82,Happy
8.9,2,3.3,11360,2,3002,103.8,315.0,109.2,0.7,Happy
7.9,2,3.2,9361,3,2732,142.6,367.4,118.5,0.87,Happy
7.5,0,3.1,11506,2,2768,117.6,352.9,70.9,0.93,Happy
8.3,0,3.7,8623,1,2828,146.2,233.0,48.0,0.85,Happy
8.7,2,2.6,11729,1,2639,135.8,392.5,46.0,0.84,Happy
8.6,2,2.9,10552,0,2472,133.8,364.8,70.4,0.91,Happy
7.6,2,3.6,11110,0,3064,47.5,307.8,113.7,0.85,Happy
9.0,2,3.6,9777,0,2708,58.3,224.9,42.3,0.99,Happy
7.6,0,2.6,9468,1,2887,85.3,320.5,54.4,0.81,Happy
7.4,0,3.4,9566,3,2994,55.7,265.3,60.3,0.89,Happy
7.5,1,2.5,11295,1,1951,88.6,236.4,87.0,0.84,Happy
8.3,1,3.1,9024,1,2587,133.9,176.7,70.5,0.84,Happy
7.7,2,2.9,10864,3,2362,40.9,366.3,102.3,0.79,Happy
8.9,1,3.9,11052,1,3043,128.2,204.8,55.2,0.85,Happy
7.5,0,3.6,11143,0,3085,111.1,227.2,75.3,0.9,Happy
8.2,1,3.6,8369,3,2159,62.1,346.6,110.1,0.97,Happy
7.7,1,3.3,9116,3,2404,122.1,234.7,49.2,0.95,Happy
8.9,2,2.7,11958,3,2941,80.2,347.7,41.1,0.77,Happy
8.1,1,3.2,10755,3,3107,143.4,177.1,58.7,0.92,Happy
7.1,2,3.8,10299,1,3126,47.0,356.0,112.8,0.8,Happy
7.6,0,3.1,8572,2,2808,52.8,208.7,83.0,0.71,Happy
7.8,2,3.1,11888,3,3002,121.6,188.6,73.2,0.92,Happy
7.2,1,3.2,9671,0,2558,63.9,261.2,58.9,0.98,Happy
7.7,2,4.0,9504,2,1924,83.8,197.5,49.8,0.86,Happy
8.7,2,3.2,10714,0,1903,126.5,210.9,50.1,0.76,Happy
8.1,2,2.6,11134,1,2277,76.1,186.9,112.0,0.87,Happy
7.0,2,3.8,8592,2,2157,52.1,366.6,50.5,1.0,Happy
7.7,0,3.7,10411,2,1907,53.9,255.2,49.1,0.8,Happy
7.1,0,3.2,9482,3,2831,64.4,303.8,98.2,0.85,Happy
8.8,0,3.5,9235,0,2780,133.2,256.6,48.6,0.84,Happy
8.4,2,3.2,11683,1,1934,53.9,306.1,86.8,0.72,Happy
8.4,1,3.1,10446,3,2003,127.2,178.6,92.4,0.86,Happy
8.8,1,3.3,11545,1,2647,77.3,263.4,73.3,0.76,Happy
7.2,0,3.1,10724,3,1937,50.0,171.3,74.6,0.78,Happy
8.5,2,3.1,8532,2,3172,53.4,238.4,93.2,0.87,Happy
8.5,1,3.8,10953,2,2520,51.4,276.9,52.4,0.72,Happy
8.0,1,3.8,9434,0,2370,103.2,351.8,107.6,0.95,Happy
8.9,2,3.7,10513,0,3047,142.2,357.4,61.4,0.9,Happy
7.4,1,3.6,9265,0,2171,135.7,291.6,72.1,0.98,Happy
7.3,2,3.4,8125,1,2570,86.2,235.2,69.6,0.73,Happy
8.4,0,3.7,10324,1,2122,123.0,162.4,46.5,0.88,Happy
7.9,1,3.1,10486,1,2849,52.5,257.5,62.7,0.83,Happy
8.4,0,3.2,10732,3,3027,46.0,201.1,115.6,0.79,Happy
8.5,0,3.6,9185,3,2681,59.3,245.1,96.3,0.8,Happy
8.0,1,3.8,11302,0,2693,42.1,380.3,109.0,0.81,Happy
8.2,1,3.4,10906,0,2629,42.3,231.2,104.1,0.89,Happy
8.2,1,3.7,11767,0,2298,87.9,250.1,46.3,0.81,Happy
8.7,0,3.6,8907,0,2845,109.7,282.7,55.5,0.8,Happy
8.6,0,3.0,11924,1,2010,56.1,199.3,88.2,0.95,Happy
8.5,2,3.5,8725,3,2750,123.0,340.0,75.9,0.99,Happy
8.8,1,3.3,10602,2,2109,88.4,267.2,90.5,1.0,Happy
8.6,1,3.4,9441,3,2725,44.1,242.2,63.0,0.85,Happy
8.3,2,4.0,8369,3,2747,103.8,388.6,99.1,0.88,Happy
7.1,1,3.9,10341,3,2826,56.6,165.5,48.3,0.9,Happy
8.8,2,3.0,10925,1,1880,67.3,259.4,75.2,0.73,Happy
8.0,1,2.7,9527,3,2492,114.7,163.1,90.5,0.98,Happy
7.7,1,3.0,10285,2,3144,146.1,300.7,52.0,0.9,Happy
7.2,2,3.5,11754,3,2064,105.5,384.5,64.8,0.8,Happy
7.8,2,3.7,11330,0,3123,113.8,277.1,41.5,0.74,Happy
7.6,1,3.9,9399,1,2263,150.0,188.7,63.7,0.98,Happy
8.6,2,3.3,10210,0,3155,77.0,341.6,50.5,0.95,Happy
7.8,2,2.7,11405,1,2696,44.8,241.1,97.6,0.91,Happy
8.9,1,3.4,11081,1,2893,66.3,391.4,102.7,0.92,Happy
8.8,1,2.8,10778,3,2377,125.6,275.7,73.5,0.98,Happy
7.3,1,2.8,10476,0,3113,92.9,242.8,114.7,0.74,Happy
8.4,0,3.3,8510,2,2720,139.6,186.8,75.0,0.79,Happy
8.9,0,2.8,9847,3,1909,83.6,243.5,70.9,0.97,Happy
7.2,2,2.8,9305,2,2099,55.1,221.7,106.4,0.98,Happy
8.4,2,2.7,10889,0,1962,42.1,203.9,52.0,0.84,Happy
8.9,1,3.4,9733,1,2416,53.4,209.6,91.1,0.73,Happy
8.2,2,2.6,11427,0,3094,96.7,210.5,51.5,0.97,Happy
7.9,0,3.4,8985,0,2872,147.2,166.9,82.1,0.87,Happy
8.0,1,4.0,10269,0,3101,82.6,243.3,99.8,0.71,Happy
7.7,2,2.6,8987,0,2991,120.9,233.1,43.5,0.92,Happy
8.1,2,3.7,8717,3,2780,109.5,352.9,45.0,0.95,Happy
8.6,0,3.2,9201,0,2446,142.7,278.8,119.1,0.76,Happy
8.1,1,2.9,11085,2,1897,135.2,233.0,50.0,0.89,Happy
7.7,1,3.8,11044,2,2182,94.6,274.4,113.9,0.83,Happy
8.0,1,3.7,10978,1,2917,72.3,175.6,66.2,0.83,Happy
7.6,2,3.2,10939,3,2519,89.2,331.7,112.9,0.83,Happy
8.2,0,3.2,10619,0,3174,110.1,240.8,104.1,0.99,Happy
8.4,2,3.9,8584,3,1871,53.9,209.0,91.6,0.95,Happy
7.7,2,3.9,8132,3,2559,80.9,340.8,85.9,0.88,Happy
8.1,0,3.1,10660,0,2181,94.9,246.7,84.9,0.78,Happy
7.5,2,2.9,9827,2,2805,62.0,183.9,45.9,0.76,Happy
7.3,1,3.6,8359,2,1932,100.5,222.6,64.0,0.94,Happy
7.3,1,3.6,10868,1,2048,148.4,348.0,58.9,0.89,Happy
8.0,2,3.0,10344,1,3053,137.3,166.4,71.9,0.81,Happy
8.4,2,3.2,9682,0,2056,147.0,310.6,76.0,0.93,Happy
8.4,2,3.0,11596,1,2064,87.6,377.7,44.4,0.95,Happy
7.2,2,2.7,8674,1,2508,144.2,279.7,62.7,0.75,Happy
7.2,0,2.8,11917,2,3058,98.7,275.6,53.5,0.87,Happy
8.9,2,2.7,10698,2,2954,44.5,365.9,46.5,0.89,Happy
8.9,2,3.7,9084,3,3065,110.3,274.5,90.2,0.9,Happy
7.6,2,3.9,9978,3,2409,89.9,322.2,52.6,0.77,Happy
7.8,1,3.2,9393,2,2507,147.3,182.7,69.6,0.88,Happy
8.1,1,3.0,9910,1,2088,50.6,222.6,70.7,0.74,Happy
8.2,1,2.9,11544,2,2188,123.9,274.6,81.2,0.97,Happy
8.0,1,3.0,8094,3,2293,63.7,238.2,44.0,0.73,Happy
8.0,1,3.8,10679,0,2020,87.4,370.6,98.2,0.9,Happy
8.5,2,3.0,9640,1,2542,100.9,168.4,80.3,0.72,Happy
8.5,0,2.9,10552,1,1998,83.3,348.7,67.1,0.9,Happy
8.9,1,3.6,8815,0,1892,44.3,328.4,104.3,0.88,Happy
8.0,1,2.7,11658,2,2132,83.2,304.1,107.4,0.85,Happy
8.2,2,3.3,10087,2,2772,129.7,242.1,93.9,0.86,Happy
9.0,2,3.4,11263,0,3022,92.2,391.8,102.6,0.97,Happy
8.6,1,3.4,10954,1,2873,109.2,304.9,107.3,0.72,Happy
7.3,2,3.5,8129,0,2190,42.1,228.4,52.1,0.87,Happy
8.4,1,3.1,11174,0,2082,97.1,290.2,119.8,0.88,Happy
8.0,2,3.1,11918,2,2918,79.0,343.0,97.7,0.75,Happy
8.3,0,3.5,10498,2,2942,72.8,385.4,118.6,0.85,Happy
8.5,1,3.6,10827,3,2514,101.7,383.6,97.7,0.91,Relaxed
7.6,1,3.4,10224,2,2099,71.9,221.9,97.1,0.81,Relaxed
7.7,0,3.2,9050,1,2903,69.8,290.5,61.7,0.92,Relaxed
7.2,2,3.6,8980,1,3106,65.6,175.0,66.4,0.77,Relaxed
7.9,2,3.5,8563,1,2633,111.8,370.2,78.1,0.7,Relaxed
8.3,2,3.6,9176,0,1983,111.8,208.1,99.1,0.8,Relaxed
8.7,0,2.6,11774,0,2613,126.7,196.6,99.9,0.75,Relaxed
8.7,2,2.9,8153,0,2486,71.3,397.3,83.5,0.7,Relaxed
8.0,1,3.9,11485,1,2030,76.4,332.8,91.9,0.85,Relaxed
8.4,2,2.5,9380,1,2159,107.2,309.7,72.4,0.94,Relaxed
7.9,0,3.0,9641,1,2777,75.6,212.0,60.9,0.9,Relaxed
7.5,2,3.6,11907,0,2335,111.9,323.2,45.0,0.8,Relaxed
7.2,2,3.0,9660,2,2040,110.3,385.2,69.4,0.91,Relaxed
7.4,2,3.9,9958,2,2651,117.2,378.2,100.6,0.75,Relaxed
8.6,2,3.7,11120,0,2876,89.1,325.9,46.2,0.77,Relaxed
8.1,0,2.6,10243,1,2136,76.1,280.1,49.3,0.97,Relaxed
7.4,1,3.4,8372,0,2728,54.5,253.9,85.1,0.97,Relaxed
8.1,1,3.5,9262,2,1806,122.0,294.6,43.6,0.92,Relaxed
7.7,0,2.6,8246,3,1864,71.6,195.0,50.8,0.98,Relaxed
8.3,1,3.6,11947,3,2573,81.3,320.7,92.9,0.83,Relaxed
8.1,2,3.5,9424,3,2883,54.0,394.7,106.8,0.74,Relaxed
8.5,2,4.0,9896,3,2889,81.7,207.4,76.9,0.9,Relaxed
7.3,0,2.8,11584,0,3152,86.1,341.5,110.7,0.92,Relaxed
7.0,1,2.8,8413,0,2301,121.5,250.6,58.7,0.88,Relaxed
7.4,1,3.8,8231,1,2979,75.1,299.5,93.8,0.74,Relaxed
7.6,2,3.0,8586,1,2646,73.1,165.2,115.9,1.0,Relaxed
8.8,2,3.9,10564,3,1896,147.0,385.4,93.7,0.9,Relaxed
8.6,1,3.0,9705,3,2176,123.0,268.4,107.9,0.82,Relaxed
7.6,0,3.6,11300,3,2653,101.3,183.5,59.4,0.84,Relaxed
7.4,1,3.5,11777,0,2896,119.7,197.6,61.5,0.83,Relaxed
8.3,2,3.4,11578,1,2781,63.0,376.8,64.3,0.72,Relaxed
8.8,0,2.8,8778,3,2296,116.5,325.9,71.7,0.99,Relaxed
7.5,2,3.0,9159,2,2431,68.8,278.2,79.8,0.81,Relaxed
7.2,1,4.0,9923,1,2559,74.4,161.4,109.1,0.93,Relaxed
8.5,2,2.5,10266,3,2404,56.8,232.5,70.4,0.98,Relaxed
8.7,1,3.2,10681,2,2800,146.3,310.4,79.2,0.98,Relaxed
7.3,2,3.7,8693,3,2176,140.9,285.5,91.3,0.74,Relaxed
7.1,2,2.6,11468,0,1813,85.4,360.6,58.5,0.72,Relaxed
8.4,0,2.5,10071,3,3150,93.7,151.7,84.1,0.84,Relaxed
7.0,1,3.3,9125,0,2828,129.4,318.5,104.5,0.86,Relaxed
8.8,0,2.7,8394,1,3069,97.9,353.8,61.4,0.86,Relaxed
7.8,0,3.1,9663,1,2414,115.2,362.0,92.3,0.84,Relaxed
8.7,1,3.6,8382,3,1914,110.0,325.7,46.6,0.82,Relaxed
8.7,0,3.5,9356,0,2270,63.3,367.0,111.0,0.87,Relaxed
8.0,1,2.6,8304,0,2167,142.2,228.6,116.9,0.91,Relaxed
8.2,0,3.6,10919,2,2132,102.0,291.7,108.0,0.95,Relaxed
8.4,0,3.3,9572,0,2825,122.0,236.5,47.8,0.93,Relaxed
7.5,2,2.6,10478,3,2468,43.3,218.3,119.4,0.93,Relaxed
8.0,0,3.0,11854,3,1975,124.9,223.8,59.7,0.81,Relaxed
7.1,2,2.9,9556,1,2597,74.8,176.6,40.4,0.91,Relaxed
7.6,0,3.0,9104,1,2682,89.4,288.7,72.6,0.73,Relaxed
7.1,1,3.0,8381,3,1825,72.1,246.9,46.8,0.88,Relaxed
8.8,0,3.9,8994,3,2147,55.3,225.3,79.4,0.87,Relaxed
7.1,0,3.2,9724,2,2315,143.9,330.2,79.7,0.79,Relaxed
8.2,1,3.2,8554,2,3070,81.8,365.5,75.2,0.79,Relaxed
7.9,0,3.7,10666,2,2456,106.4,323.8,78.3,0.99,Relaxed
7.4,2,3.1,9307,3,2979,126.0,231.5,62.4,0.79,Relaxed
8.6,2,3.0,11817,1,3196,124.4,156.7,98.2,0.87,Relaxed
8.9,2,2.8,11267,0,2637,114.0,184.8,64.2,0.79,Relaxed
7.5,0,2.7,9733,3,3024,92.7,250.2,80.5,0.94,Relaxed
8.8,1,3.5,10226,0,2023,124.6,314.4,68.4,0.71,Relaxed
8.3,1,2.6,10642,2,2681,51.7,174.7,57.8,0.9,Relaxed
8.5,1,3.3,10816,2,2601,90.9,319.9,95.2,0.87,Relaxed
7.3,1,4.0,9977,0,2037,131.4,332.5,67.9,0.73,Relaxed
7.7,1,3.7,10134,0,2697,119.4,263.1,45.4,0.84,Relaxed
7.1,2,3.6,8092,0,3186,128.0,382.5,99.2,0.95,Relaxed
8.0,1,3.3,9355,1,2629,109.3,196.6,92.6,0.87,Relaxed
7.8,2,3.6,11617,3,2596,40.5,203.7,62.3,0.76,Relaxed
8.4,2,3.7,10364,1,2549,75.9,264.4,61.0,0.73,Relaxed
8.7,1,3.3,10617,3,3002,52.6,238.0,76.6,0.79,Relaxed
7.3,2,3.5,11279,0,3176,54.7,179.5,64.4,0.79,Relaxed
7.4,2,3.5,10092,1,2977,82.2,196.4,90.8,0.82,Relaxed
8.4,1,3.5,8709,2,2087,60.6,360.5,89.6,0.87,Relaxed
8.7,1,3.9,9984,3,2637,115.3,253.9,107.2,0.74,Relaxed
8.0,0,2.6,8126,2,1866,70.2,284.4,53.5,0.94,Relaxed
7.9,2,3.6,11137,0,2972,52.6,343.8,105.9,0.85,Relaxed
7.7,1,3.7,8170,1,2670,51.3,357.5,100.1,0.93,Relaxed
7.6,0,4.0,9842,3,2040,125.3,209.2,104.9,0.78,Relaxed
8.2,1,3.0,10911,1,3061,55.3,201.7,56.6,0.88,Relaxed
7.1,0,3.0,9151,2,2399,71.8,216.8,108.6,0.88,Relaxed
9.0,1,3.5,8390,0,2367,135.4,181.7,109.3,0.74,Relaxed
7.5,2,3.6,11393,3,2802,55.6,308.1,90.2,0.77,Relaxed
7.8,0,2.6,11254,3,2855,122.5,323.7,110.2,0.96,Relaxed
7.9,2,3.2,10383,0,2738,109.8,324.3,108.0,0.7,Relaxed
8.6,0,3.1,11965,3,2349,75.5,220.9,83.8,0.83,Relaxed
7.3,2,3.8,11228,0,1894,51.0,346.0,76.8,0.8,Relaxed
7.2,1,3.8,9807,1,2070,137.0,225.5,110.0,0.84,Relaxed
8.8,1,2.6,9476,1,1906,83.6,226.4,96.0,0.78,Relaxed
7.5,0,3.5,10882,3,1959,54.6,206.5,94.4,0.73,Relaxed
7.0,1,3.5,11346,1,2778,47.8,245.8,98.5,0.74,Relaxed
7.2,1,3.0,11608,1,3113,149.2,185.7,82.4,0.79,Relaxed
7.0,0,3.5,9802,1,2643,107.8,260.6,57.4,0.81,Relaxed
8.8,1,2.7,8504,2,2679,74.6,185.0,62.2,0.88,Relaxed
7.2,1,3.3,10457,0,3148,136.3,201.4,88.6,0.92,Relaxed
7.4,0,3.1,10646,3,2590,52.4,274.9,87.5,0.72,Relaxed
8.1,0,4.0,9479,3,2964,86.3,286.6,53.8,0.98,Relaxed
7.9,0,4.0,8298,0,2336,63.7,380.6,115.9,0.71,Relaxed
7.8,1,2.9,10918,3,2623,49.1,284.1,89.3,0.85,Relaxed
7.6,0,3.0,10094,2,2600,104.5,340.8,92.0,0.98,Relaxed
8.3,0,3.0,9791,0,2300,49.5,258.6,76.3,0.92,Relaxed
8.2,0,3.0,11037,0,1825,117.9,325.4,53.1,0.9,Relaxed
8.9,1,3.3,11207,1,2561,54.0,345.3,61.5,0.95,Relaxed
8.8,1,3.7,8120,2,2872,47.0,328.1,86.1,0.8,Relaxed
7.2,2,3.2,9475,1,2553,57.3,343.3,111.5,0.72,Relaxed
8.3,0,2.7,11034,0,2300,45.1,241.0,113.6,0.85,Relaxed
7.4,2,3.9,8144,3,2259,75.4,254.1,97.6,0.87,Relaxed
7.5,2,2.6,9527,0,2167,64.6,278.9,43.7,0.74,Relaxed
7.8,1,3.8,11547,2,1976,100.8,152.0,56.1,0.78,Relaxed
8.1,1,3.0,10550,3,2200,120.6,286.6,103.7,0.77,Relaxed
7.3,1,3.9,8097,0,2486,40.2,314.3,107.9,0.77,Relaxed
8.5,1,2.7,10170,3,1922,147.0,185.6,62.4,0.99,Relaxed
7.1,2,2.8,11463,2,2738,147.2,171.2,47.6,0.86,Relaxed
7.3,0,3.7,8306,3,3156,146.1,209.2,60.9,0.88,Relaxed
7.6,1,3.7,10870,2,2727,69.9,168.7,56.2,0.95,Relaxed
8.6,1,3.4,8636,3,2443,84.7,284.0,117.2,0.73,Relaxed
7.4,0,3.0,9085,1,2423,130.9,324.2,43.2,0.96,Relaxed
8.7,1,3.0,8373,3,2851,45.4,224.7,105.6,0.91,Relaxed
7.3,2,3.9,11500,1,1993,90.8,351.0,51.2,0.84,Relaxed
7.0,1,3.7,8910,2,3090,143.1,171.0,86.9,0.74,Relaxed
8.8,2,2.6,8264,3,2063,50.1,361.8,104.7,0.76,Relaxed
7.2,2,3.9,8207,3,2608,94.6,245.7,74.1,0.75,Relaxed
7.7,0,3.9,9126,0,3057,108.1,211.4,63.6,0.78,Relaxed
7.8,1,3.3,8249,1,2658,61.9,371.2,82.1,0.73,Relaxed
8.3,1,3.7,11255,2,2782,99.9,271.2,113.0,0.71,Relaxed
8.0,2,3.1,8736,1,1860,138.5,344.6,44.7,0.71,Relaxed
9.0,0,3.3,11140,1,2005,67.3,210.3,82.7,0.88,Relaxed
8.6,0,3.6,11129,3,2526,142.9,397.9,53.9,1.0,Relaxed
7.5,2,3.0,11023,0,2520,144.2,290.9,85.0,0.91,Relaxed
7.4,2,4.0,11611,2,2159,93.9,172.6,58.6,0.99,Relaxed
7.4,2,3.3,8002,1,2067,77.5,194.4,104.2,0.8,Relaxed
8.7,0,2.6,8605,0,2877,134.7,390.1,69.9,0.88,Relaxed
8.9,1,3.1,8413,1,2122,120.6,259.2,91.1,0.8,Relaxed
8.0,2,3.0,10896,2,2257,113.2,353.6,70.3,0.99,Relaxed
8.5,2,2.9,8727,3,2962,43.6,300.6,113.7,0.92,Relaxed
8.9,1,2.8,10316,1,2478,122.0,209.5,118.6,0.73,Relaxed
7.3,2,3.8,8363,2,2714,41.3,202.4,95.5,0.95,Relaxed
7.7,1,3.7,10950,3,2659,146.6,371.1,79.4,0.7,Relaxed
7.8,2,3.3,8415,1,2133,89.6,349.8,42.7,0.95,Relaxed
7.0,0,2.9,8428,3,2129,120.5,286.8,111.8,0.72,Relaxed
7.2,2,3.4,10513,0,2683,143.7,191.2,111.2,0.97,Relaxed
7.3,1,2.7,8841,2,3152,71.0,209.4,44.0,0.99,Relaxed
8.1,0,3.8,8629,3,1979,72.4,315.5,88.0,0.72,Relaxed
7.4,0,2.5,8699,3,2036,73.9,249.4,79.1,0.89,Relaxed
8.3,1,2.6,10228,3,2556,60.5,161.2,75.2,0.82,Relaxed
7.5,2,3.8,10311,0,1975,113.5,352.0,73.1,0.72,Relaxed
8.5,2,2.8,8249,3,2896,115.6,384.1,85.8,0.95,Relaxed
7.5,2,2.9,9617,0,2828,102.8,279.2,85.7,0.97,Relaxed
9.0,0,2.7,11888,1,2233,128.9,181.5,73.9,0.93,Relaxed
9.0,2,3.2,11369,2,2454,140.2,378.5,45.4,0.89,Relaxed
7.8,2,3.1,9335,3,1825,126.5,305.8,81.8,0.96,Relaxed
7.8,2,3.1,8607,0,2016,101.9,175.2,62.9,0.87,Relaxed
8.1,2,3.0,9683,3,2971,107.0,159.4,62.0,0.78,Relaxed
7.3,1,3.4,10841,2,2286,45.4,268.8,61.5,0.82,Relaxed
7.7,1,3.0,11250,3,2001,147.0,207.0,64.0,0.79,Relaxed
8.5,1,3.7,9314,0,2184,88.6,378.4,72.6,0.78,Relaxed
8.0,2,3.3,9531,1,1934,74.2,276.7,50.9,0.95,Relaxed
8.7,0,3.8,8118,0,2310,43.6,162.6,68.8,0.75,Relaxed
7.4,2,3.1,9901,0,3195,43.4,243.1,87.5,0.85,Relaxed
7.4,1,3.8,10403,1,2329,122.4,322.2,62.8,0.87,Relaxed
7.8,0,2.7,10343,1,3125,64.8,201.7,92.1,0.93,Relaxed
8.0,0,3.8,11961,3,2070,111.2,300.3,40.7,0.93,Relaxed
7.5,2,3.7,9251,2,2667,138.5,362.9,76.7,0.91,Relaxed
7.4,1,3.0,10132,0,1815,96.3,315.6,107.5,0.95,Relaxed
7.7,2,3.5,10494,0,2786,47.0,397.1,91.2,0.78,Relaxed
8.7,2,2.9,10912,2,2185,56.5,341.4,112.0,0.99,Relaxed
8.6,1,3.7,10457,1,1852,112.1,399.4,60.8,0.82,Relaxed
7.8,2,3.1,8144,1,2502,119.9,205.6,82.8,0.87,Relaxed
8.6,1,3.9,10751,1,3146,136.4,195.3,47.8,0.81,Relaxed
7.3,0,2.9,11310,2,3140,49.8,238.8,99.5,0.87,Relaxed
7.6,2,3.7,9357,2,2749,133.6,267.6,109.3,0.81,Relaxed
8.2,0,3.9,8291,0,3194,82.0,224.6,44.3,0.84,Relaxed
8.7,2,2.7,8820,3,2093,74.8,328.9,102.3,0.8,Relaxed
8.0,0,3.4,8724,0,2725,70.1,340.3,53.5,0.79,Relaxed
8.5,0,3.2,11127,3,3097,87.2,257.3,78.2,0.93,Relaxed
7.0,0,3.3,10992,2,2887,61.0,319.2,90.1,0.81,Relaxed
7.5,0,3.5,9410,3,2830,104.8,191.8,105.9,0.79,Relaxed
7.6,2,2.9,10981,2,2688,137.7,398.9,67.4,0.86,Relaxed
8.8,1,3.0,8771,0,2267,64.7,396.2,56.9,0.75,Relaxed
7.0,2,3.3,8504,0,2568,136.4,213.9,82.8,0.81,Relaxed
7.1,0,4.0,10711,0,2037,85.8,245.1,83.8,0.73,Relaxed
7.9,0,2.7,10847,2,2661,112.8,315.6,61.6,0.91,Relaxed
8.2,2,2.7,11402,0,2378,52.5,176.6,55.9,0.97,Relaxed
7.4,1,2.9,10142,3,2404,57.6,287.0,112.8,0.99,Relaxed
8.4,2,3.2,8960,0,2026,131.9,317.3,51.9,0.7,Relaxed
7.2,1,3.3,10963,1,2735,148.8,224.0,77.1,0.92,Relaxed
7.2,1,2.8,8161,2,2672,121.2,173.7,100.7,0.96,Relaxed
7.1,1,3.8,10717,2,2696,145.1,217.1,98.6,0.89,Relaxed
7.7,1,3.0,8466,2,2589,115.9,269.6,73.7,0.82,Relaxed
8.8,0,2.8,8542,1,2012,85.8,297.7,104.2,0.91,Relaxed
8.4,2,2.8,9555,0,2067,93.1,272.0,111.0,0.93,Relaxed
7.9,2,2.6,10682,1,3171,136.0,279.8,95.1,0.79,Relaxed
8.2,1,3.1,10976,3,2104,132.3,289.6,119.0,0.77,Relaxed
7.1,1,3.5,8642,3,2138,48.2,272.9,59.3,0.85,Relaxed
8.9,1,2.6,8912,3,2281,48.7,261.0,85.8,0.87,Relaxed
7.2,1,3.2,9294,0,2010,84.4,159.0,83.9,0.74,Relaxed
8.7,1,3.7,11945,1,3140,113.9,387.6,69.1,0.89,Relaxed
7.1,2,2.8,9861,3,3145,80.0,263.1,47.8,0.8,Relaxed
8.3,1,2.5,9454,2,2017,45.0,191.0,51.2,0.95,Relaxed
8.4,0,3.6,8438,1,2047,142.3,248.2,76.6,0.78,Relaxed
8.6,0,3.6,8441,0,2722,90.3,297.3,80.3,0.93,Relaxed
6.9,1,1.5,7015,3,2841,125.9,377.5,95.3,0.41,Neutral
5.8,2,2.3,4424,2,2832,137.0,254.7,88.7,0.52,Neutral
6.5,1,1.7,5629,3,2073,55.2,300.6,110.9,0.69,Neutral
6.3,2,2.3,6243,1,2211,63.1,328.6,94.9,0.66,Neutral
6.9,0,1.6,6909,2,2036,123.7,290.6,86.6,0.6,Neutral
6.9,2,2.2,6761,2,2665,128.9,280.7,42.0,0.62,Neutral
5.7,0,2.2,4818,2,3199,67.6,359.8,95.2,0.48,Neutral
5.9,1,2.3,4132,0,3061,135.5,334.9,109.2,0.51,Neutral
6.6,2,2.1,4973,2,3160,45.2,245.4,73.3,0.55,Neutral
6.7,0,2.2,7956,2,2215,108.3,345.2,109.6,0.57,Neutral
6.7,1,2.4,6886,1,2196,72.4,194.4,94.6,0.61,Neutral
5.8,0,1.7,6104,3,2371,101.2,182.5,86.7,0.44,Neutral
5.9,0,1.8,6906,1,2460,105.7,343.4,90.0,0.68,Neutral
6.8,1,1.8,7235,0,2450,97.8,389.2,81.6,0.57,Neutral
6.7,0,1.7,6224,2,2253,137.2,315.8,66.5,0.56,Neutral
5.9,2,2.5,6532,0,2034,113.6,261.4,112.4,0.56,Neutral
6.4,1,2.1,7927,3,2032,82.4,285.1,62.6,0.41,Neutral
6.9,2,2.3,5535,3,2796,44.8,374.6,55.4,0.55,Neutral
6.3,2,2.4,4685,0,3083,47.2,317.6,101.9,0.69,Neutral
6.8,2,1.9,4425,3,3124,129.8,168.0,94.9,0.46,Neutral
5.5,0,2.2,4155,1,2315,101.4,293.7,58.2,0.43,Neutral
5.9,1,1.9,6581,0,2597,114.1,283.7,91.3,0.52,Neutral
6.4,0,2.3,6398,2,2829,51.7,346.7,64.1,0.41,Neutral
5.6,2,2.3,5792,0,2770,57.2,205.0,99.7,0.51,Neutral
6.7,0,2.3,5208,2,3187,137.6,391.3,109.4,0.69,Neutral
6.5,2,2.5,4045,1,2052,44.6,293.2,71.5,0.57,Neutral
6.3,2,1.6,4860,2,2233,85.4,311.5,81.0,0.62,Neutral
5.7,0,1.7,7419,1,3174,128.0,363.1,108.1,0.48,Neutral
6.9,0,2.5,5889,2,3175,47.4,174.6,98.0,0.59,Neutral
6.2,0,1.8,4525,0,2383,108.1,375.0,65.4,0.6,Neutral
6.2,0,2.1,5252,2,2447,145.5,192.2,65.1,0.61,Neutral
6.7,1,2.2,6624,1,3191,120.6,369.5,77.0,0.53,Neutral
6.0,2,1.8,6259,0,2374,134.5,185.0,83.1,0.43,Neutral
5.9,0,2.4,4313,0,2991,103.7,342.3,57.0,0.62,Neutral
5.6,1,1.8,7661,1,2549,83.2,372.9,87.2,0.7,Neutral
6.8,1,1.6,6052,2,2828,41.2,209.7,117.1,0.55,Neutral
7.0,1,2.2,7101,1,2166,102.3,291.5,109.8,0.55,Neutral
5.7,0,2.2,7846,3,2274,46.9,242.4,43.4,0.51,Neutral
5.8,1,2.4,5479,0,1881,147.9,231.0,96.3,0.52,Neutral
6.3,2,2.3,7419,1,2571,111.9,241.3,92.3,0.62,Neutral
6.8,0,2.0,5541,3,2522,129.9,236.3,103.4,0.69,Neutral
6.8,0,1.5,7612,1,1957,96.6,220.2,52.0,0.44,Neutral
5.7,0,2.1,7346,3,2476,119.2,270.4,78.3,0.44,Neutral
5.8,0,1.7,7413,0,2061,103.1,190.3,90.4,0.52,Neutral
5.6,0,2.1,4229,3,3027,146.6,309.4,110.3,0.45,Neutral
6.6,1,2.3,7879,3,2786,58.8,357.6,88.1,0.43,Neutral
6.7,2,2.3,4744,2,2143,119.7,235.7,76.3,0.59,Neutral
6.4,0,1.7,5578,1,2870,134.6,276.1,73.6,0.44,Neutral
5.7,2,1.6,5949,0,2888,95.4,179.4,78.6,0.67,Neutral
5.7,2,2.1,7389,3,2869,86.3,368.7,95.8,0.4,Neutral
6.1,1,2.4,5974,2,3006,128.5,377.0,107.0,0.64,Neutral
6.4,0,1.9,5042,0,2380,105.8,285.9,60.6,0.54,Neutral
5.5,0,2.2,4029,0,2568,112.0,321.9,65.3,0.57,Neutral
6.0,1,1.7,6668,3,2956,80.2,218.9,94.4,0.58,Neutral
6.6,0,1.9,7210,2,2945,101.0,213.4,64.5,0.57,Neutral
6.0,2,2.2,7013,0,2270,89.1,324.8,52.9,0.44,Neutral
5.8,2,1.9,5386,0,2129,82.8,309.0,104.3,0.64,Neutral
6.7,0,2.0,6458,2,2254,80.8,302.3,98.0,0.53,Neutral
6.9,2,1.9,6687,0,2158,110.4,259.7,56.1,0.56,Neutral
6.5,2,2.3,5171,1,3059,58.6,159.0,59.1,0.46,Neutral
5.5,1,1.7,5130,3,2630,104.5,279.4,99.0,0.63,Neutral
5.6,2,1.6,5165,2,2511,146.0,219.1,88.5,0.62,Neutral
5.8,0,2.4,6354,3,2836,51.7,168.1,63.5,0.4,Neutral
6.9,2,2.3,7918,2,2706,146.3,290.8,101.6,0.48,Neutral
6.6,2,2.5,5879,0,2787,52.8,166.9,90.7,0.6,Neutral
7.0,1,2.2,4941,2,2857,98.9,325.2,61.1,0.64,Neutral
5.9,0,1.9,7067,1,2775,74.5,204.6,85.9,0.65,Neutral
5.8,1,2.2,7810,1,2280,120.9,368.2,56.5,0.67,Neutral
5.8,0,1.7,6533,0,1960,114.3,315.9,89.1,0.51,Neutral
6.6,1,2.0,4173,2,2808,138.8,370.2,86.0,0.65,Neutral
5.9,1,1.7,7130,3,2254,122.5,182.1,82.1,0.67,Neutral
6.1,1,2.4,4133,1,2736,147.4,324.6,76.8,0.55,Neutral
6.5,0,1.5,4863,2,2540,107.4,214.9,83.9,0.51,Neutral
5.9,0,2.0,6511,3,2668,63.2,325.2,69.8,0.5,Neutral
6.8,2,1.8,4736,1,2004,119.3,351.0,84.4,0.57,Neutral
6.8,0,1.7,7276,3,1819,59.4,274.9,119.6,0.69,Neutral
6.8,1,2.0,6951,2,2313,101.8,292.0,71.9,0.49,Neutral
6.5,2,1.6,7333,0,2721,121.9,214.9,68.8,0.48,Neutral
6.3,0,2.3,5409,2,3191,145.9,199.7,86.1,0.41,Neutral
6.5,1,1.7,7196,3,2715,137.9,245.3,62.9,0.49,Neutral
6.4,1,1.6,4686,3,3092,107.4,251.2,112.6,0.59,Neutral
5.6,1,1.8,5284,2,3039,110.9,217.8,75.6,0.5,Neutral
6.8,1,1.9,6404,3,2142,60.2,155.8,98.2,0.56,Neutral
6.5,0,2.4,6870,1,2613,51.3,165.9,110.3,0.62,Neutral
6.3,0,1.5,5626,0,2337,108.0,171.1,114.5,0.56,Neutral
6.1,2,1.7,7021,1,2068,97.9,192.7,42.8,0.49,Neutral
6.0,2,2.4,7539,2,2923,88.9,392.4,95.8,0.54,Neutral
5.8,2,2.1,6584,3,2872,110.4,283.4,112.7,0.62,Neutral
6.2,1,1.7,4366,3,2332,57.1,152.6,81.9,0.53,Neutral
6.6,0,1.6,5174,3,2777,73.0,341.5,103.8,0.54,Neutral
6.4,1,2.3,6245,3,2608,67.5,328.7,91.7,0.51,Neutral
6.7,0,1.7,4324,2,2383,111.3,283.0,61.5,0.53,Neutral
5.8,2,1.6,4559,3,3065,89.8,325.1,79.4,0.49,Neutral
6.0,0,1.7,7971,0,2377,69.6,328.8,98.2,0.56,Neutral
5.8,1,1.7,6021,2,2820,149.8,265.9,103.3,0.47,Neutral
6.0,1,2.3,7897,3,1946,99.8,195.4,111.7,0.44,Neutral
5.9,2,1.9,4051,1,2588,124.8,260.7,99.0,0.44,Neutral
5.6,2,2.0,7157,1,2768,82.8,390.3,114.9,0.43,Neutral
5.7,2,2.2,7050,0,2318,92.9,224.7,68.8,0.68,Neutral
5.6,2,2.2,7986,3,2464,41.7,348.6,86.8,0.43,Neutral
6.1,2,1.7,7968,3,3021,57.0,342.7,59.9,0.41,Neutral
6.2,2,2.2,5386,0,1922,79.1,188.5,82.9,0.68,Neutral
5.7,2,2.0,5297,2,2698,120.7,155.3,70.2,0.69,Neutral
6.6,1,1.8,4161,2,2911,116.7,197.4,54.9,0.55,Neutral
6.0,2,2.2,5127,1,1941,98.4,262.3,105.6,0.66,Neutral
6.3,1,2.0,7178,1,1838,108.2,241.0,89.6,0.59,Neutral
6.0,1,1.6,7961,1,2873,115.2,341.4,52.3,0.56,Neutral
5.9,2,1.9,5319,0,1889,131.9,182.4,109.9,0.43,Neutral
5.8,2,2.0,4404,3,3147,93.9,306.0,87.2,0.41,Neutral
5.6,0,1.7,6940,3,1963,91.5,309.7,68.9,0.42,Neutral
6.6,2,2.4,7367,0,3063,69.2,160.2,45.6,0.51,Neutral
6.0,0,2.4,7934,1,2888,82.4,198.3,92.6,0.56,Neutral
6.4,1,2.4,6287,0,3107,103.4,318.6,96.2,0.62,Neutral
6.1,1,1.6,7245,2,3146,57.4,399.6,75.4,0.45,Neutral
6.0,1,1.8,5329,3,2462,106.9,290.8,57.1,0.65,Neutral
6.6,1,2.4,5040,3,2613,40.0,158.7,62.8,0.51,Neutral
5.5,1,1.6,7646,1,2239,134.1,155.4,105.8,0.49,Neutral
6.5,2,1.8,6267,1,1993,44.2,238.9,51.1,0.55,Neutral
6.1,1,2.1,4954,0,2968,84.0,379.5,98.7,0.48,Neutral
6.6,2,2.3,4708,0,3019,110.6,159.3,104.7,0.55,Neutral
6.1,1,2.3,7775,3,2653,142.3,180.1,101.6,0.63,Neutral
6.6,2,2.3,7803,3,1910,73.5,160.3,83.2,0.4,Neutral
5.7,2,2.0,4904,3,2712,122.8,293.8,47.2,0.45,Neutral
6.1,0,2.3,4606,3,2970,122.0,287.0,61.0,0.44,Neutral
6.1,0,1.9,6858,3,2945,61.8,248.8,85.7,0.44,Neutral
6.3,0,2.5,6147,2,2680,75.6,381.0,47.2,0.47,Neutral
6.5,1,1.9,5426,0,2424,58.6,237.4,105.7,0.46,Neutral
6.7,0,2.1,5804,1,2565,57.2,332.1,46.9,0.41,Neutral
6.6,1,1.7,6543,0,2503,116.3,177.8,76.0,0.68,Neutral
5.5,2,1.7,6203,2,2923,93.1,332.5,51.3,0.46,Neutral
6.5,2,1.5,6387,0,2323,58.7,221.0,103.1,0.67,Neutral
6.4,0,1.6,6681,3,3152,69.8,363.0,92.8,0.68,Neutral
6.8,1,1.5,7552,1,2579,95.9,327.4,112.3,0.67,Neutral
6.2,2,2.1,4360,3,2948,141.9,155.4,59.8,0.46,Neutral
6.3,0,1.8,5611,2,2520,79.1,225.6,119.7,0.62,Neutral
7.0,1,1.8,4253,0,2936,144.4,206.4,67.3,0.59,Neutral
6.1,2,1.6,6989,1,2654,66.4,188.2,117.6,0.51,Neutral
6.9,2,1.8,6220,1,2989,99.5,350.0,109.0,0.44,Neutral
6.0,1,2.2,6145,1,3143,142.6,379.3,65.4,0.67,Neutral
6.3,0,2.4,4484,0,2452,136.8,253.5,72.9,0.46,Neutral
6.2,2,2.4,7662,2,2111,125.7,176.7,54.8,0.59,Neutral
6.6,2,2.1,5093,1,3021,65.5,321.8,68.7,0.58,Neutral
6.5,1,2.0,6057,2,2176,133.7,272.9,51.0,0.65,Neutral
5.8,1,1.5,7131,3,2255,121.7,397.1,100.6,0.69,Neutral
5.6,1,2.4,5799,2,2737,137.6,256.9,102.1,0.66,Neutral
6.4,2,2.3,6949,0,2866,52.0,264.2,110.2,0.49,Neutral
6.8,2,1.7,6203,0,2942,82.6,341.3,117.0,0.52,Neutral
5.8,1,1.9,7622,3,2140,86.5,303.3,44.4,0.49,Neutral
6.3,0,1.6,7399,0,2168,125.7,384.5,95.7,0.59,Neutral
5.7,1,1.9,5846,1,2731,49.9,231.0,91.9,0.41,Neutral
6.6,0,1.7,7003,3,3098,79.9,281.0,70.7,0.44,Neutral
6.7,2,2.0,7890,3,1889,124.5,378.1,85.2,0.45,Neutral
6.5,2,1.7,7558,0,2659,73.9,332.5,116.9,0.44,Neutral
5.9,0,1.7,7680,0,3075,124.2,153.1,79.8,0.44,Neutral
6.2,0,2.3,6490,1,3005,112.5,263.4,75.4,0.66,Neutral
6.4,2,1.5,7613,1,1900,60.3,163.8,67.9,0.56,Neutral
5.7,1,1.5,6367,2,1979,45.4,254.2,54.3,0.65,Neutral
6.5,2,2.1,6832,1,2732,122.4,240.0,42.9,0.61,Neutral
6.7,0,1.8,7676,3,2927,47.1,267.7,49.8,0.51,Neutral
6.8,2,1.8,5694,1,3053,46.4,292.8,118.3,0.56,Neutral
6.3,2,1.6,6965,2,2674,107.0,229.1,82.0,0.61,Neutral
7.0,1,1.9,4531,3,2808,128.9,370.9,58.6,0.58,Neutral
5.9,2,1.7,4484,0,2224,128.0,399.7,73.1,0.41,Neutral
6.0,2,2.1,6611,1,2376,68.0,167.0,64.0,0.46,Neutral
6.3,1,2.3,4466,3,2965,107.8,157.3,54.1,0.61,Neutral
6.0,1,1.8,6754,0,3122,54.9,188.8,76.8,0.54,Neutral
6.8,1,2.4,5894,0,2867,72.9,331.2,65.2,0.64,Neutral
6.3,1,1.7,6807,0,2105,70.9,157.8,118.7,0.5,Neutral
6.4,0,2.3,6338,0,2431,117.6,228.6,42.5,0.58,Neutral
6.1,1,2.0,4973,1,2875,73.3,178.1,102.8,0.51,Neutral
6.7,1,2.4,5817,1,2189,77.4,270.9,109.9,0.55,Neutral
6.0,2,1.8,7151,1,2220,119.7,264.8,97.1,0.66,Neutral
6.3,2,1.5,7818,0,2482,91.4,161.5,81.6,0.41,Neutral
6.5,2,1.8,6365,1,2457,62.1,221.6,82.6,0.63,Neutral
6.7,1,2.2,5116,0,1831,145.4,289.9,48.2,0.44,Neutral
6.3,2,2.0,5110,2,2975,66.9,167.8,89.1,0.44,Neutral
6.0,2,1.9,4532,0,2016,82.2,171.5,71.4,0.41,Neutral
6.6,2,2.4,6578,3,3062,79.1,233.1,55.9,0.65,Neutral
6.6,1,2.3,4321,1,1990,129.4,379.9,77.5,0.69,Neutral
6.2,1,2.2,6909,1,2258,55.8,373.9,60.6,0.63,Neutral
6.0,1,1.7,7757,3,2798,43.3,268.8,68.1,0.6,Neutral
6.2,2,1.7,7145,1,2840,51.3,354.4,103.7,0.5,Neutral
6.0,1,2.1,7245,3,3009,85.5,305.2,83.8,0.49,Neutral
7.0,2,1.9,5395,3,2691,102.4,235.6,95.5,0.46,Neutral
5.8,2,2.2,7028,3,2034,105.1,265.7,84.4,0.68,Neutral
6.7,2,1.7,7915,0,3021,124.8,244.7,79.5,0.52,Neutral
6.5,2,1.6,7346,0,2100,112.7,263.2,63.3,0.44,Neutral
6.4,1,1.9,4842,2,2967,127.4,319.9,113.5,0.6,Neutral
6.9,0,2.2,7748,0,3052,148.5,251.0,50.2,0.5,Neutral
5.9,0,1.9,6248,2,2024,134.7,366.4,58.8,0.69,Neutral
6.6,1,1.9,5303,3,2691,100.0,315.6,78.0,0.61,Neutral
5.8,1,1.9,7786,1,2390,149.7,317.5,50.7,0.51,Neutral
5.6,2,1.5,6954,3,2078,49.3,310.6,73.3,0.67,Neutral
6.2,2,2.3,6475,1,2730,96.0,288.0,76.0,0.68,Neutral
6.0,1,1.7,6476,1,2827,69.6,381.6,86.1,0.4,Neutral
5.6,0,1.5,5979,3,1963,55.6,332.8,118.7,0.61,Neutral
7.0,2,2.3,5904,0,2302,92.0,335.4,116.8,0.56,Neutral
5.6,2,2.1,7269,0,2503,98.9,152.7,76.3,0.57,Neutral
6.9,1,2.1,5357,2,2143,43.9,380.7,100.0,0.53,Neutral
6.6,2,2.1,4251,1,2973,45.7,397.6,104.7,0.59,Neutral
4.2,0,0.8,1337,2,2316,54.6,220.2,108.6,0.05,Sad
3.0,2,0.6,1715,1,3149,89.1,352.0,60.9,0.36,Sad
4.4,1,1.0,3160,0,2097,105.5,355.4,107.0,0.34,Sad
4.5,1,0.9,2569,1,2231,103.6,360.5,44.3,0.1,Sad
3.5,1,1.3,1215,3,2417,92.4,387.1,113.8,0.07,Sad
3.5,0,1.2,2597,3,1824,71.8,349.3,70.6,0.19,Sad
3.6,2,1.0,1168,2,2684,107.2,313.0,61.8,0.04,Sad
3.5,1,1.3,2045,3,3182,122.4,333.6,87.1,0.26,Sad
3.4,1,0.8,3827,0,3177,40.9,167.0,72.9,0.4,Sad
4.1,1,1.2,2439,2,2195,43.7,304.8,44.6,0.09,Sad
4.2,2,1.4,1888,0,2045,49.5,301.2,70.1,0.38,Sad
4.5,2,1.1,1756,1,2318,72.4,315.1,46.1,0.36,Sad
3.9,2,1.5,2748,2,2327,57.8,168.5,102.2,0.28,Sad
3.8,1,0.8,1246,1,2702,47.6,394.9,56.1,0.1,Sad
3.8,1,1.1,1444,1,3057,110.8,378.2,97.2,0.06,Sad
3.2,1,0.6,3340,0,2819,56.4,310.1,114.6,0.29,Sad
4.3,1,0.8,3867,0,2855,117.8,342.7,78.3,0.13,Sad
3.8,0,1.2,1287,3,2787,53.3,283.8,119.3,0.22,Sad
3.7,2,0.8,1226,0,2548,98.8,390.2,46.4,0.25,Sad
3.9,2,1.3,3653,0,2586,112.7,224.7,71.2,0.08,Sad
3.2,2,1.2,2992,3,2188,55.4,198.3,97.6,0.03,Sad
4.2,2,1.0,1258,2,2823,98.7,358.6,75.9,0.32,Sad
5.0,2,0.5,1229,0,2630,53.0,351.8,93.4,0.14,Sad
3.9,2,1.2,3197,1,1947,44.1,185.4,92.3,0.06,Sad
3.9,2,1.4,1187,1,1829,58.9,162.5,64.6,0.1,Sad
4.6,0,1.0,1699,0,2033,94.7,349.8,57.6,0.33,Sad
4.6,0,0.9,3778,1,2458,132.0,348.3,101.1,0.16,Sad
4.2,1,0.8,1494,1,2557,100.9,259.7,114.1,0.11,Sad
3.1,0,0.6,3589,0,2797,48.9,151.8,114.1,0.24,Sad
4.4,1,1.1,2162,1,2222,55.7,217.7,76.0,0.17,Sad
3.5,0,0.7,3833,3,3053,144.5,306.8,102.6,0.02,Sad
3.7,2,0.5,1965,0,3067,79.8,340.3,83.2,0.08,Sad
3.4,0,1.3,3700,1,2030,127.6,321.3,117.5,0.08,Sad
3.9,0,0.7,3744,2,2383,63.1,212.8,89.3,0.37,Sad
4.8,2,1.0,1427,1,2123,126.4,271.3,49.3,0.3,Sad
4.8,1,1.2,3427,1,3186,138.8,207.5,48.8,0.23,Sad
3.5,1,0.7,2689,1,1950,91.8,271.1,111.2,0.35,Sad
3.3,1,1.4,2863,1,2737,119.2,308.0,118.0,0.07,Sad
3.4,1,0.6,3835,1,2027,133.7,264.6,53.7,0.23,Sad
3.7,2,1.4,3472,1,2983,146.7,363.8,46.9,0.06,Sad
4.7,1,1.0,1886,2,1829,120.3,334.0,59.7,0.24,Sad
3.7,2,1.1,3423,0,2655,147.8,160.0,77.7,0.38,Sad
4.5,2,0.5,3175,0,2726,94.5,170.8,100.2,0.16,Sad
4.4,1,0.9,1892,1,3126,149.9,154.0,93.5,0.05,Sad
3.3,0,1.0,3336,3,2749,124.9,368.5,72.4,0.3,Sad
4.6,0,0.9,2901,0,2588,138.3,233.2,42.6,0.28,Sad
3.9,0,0.8,3508,0,3070,136.9,333.9,44.4,0.22,Sad
4.9,1,1.2,1211,3,3067,44.5,241.6,91.9,0.04,Sad
4.4,1,1.1,1838,1,2905,52.5,269.6,115.1,0.06,Sad
4.2,0,1.5,1859,2,2522,138.8,275.9,73.8,0.3,Sad
3.1,2,0.9,2853,0,2762,118.1,319.6,82.6,0.19,Sad
3.6,0,1.1,3757,1,2737,49.6,247.7,54.3,0.38,Sad
4.9,2,0.6,1674,1,2816,56.6,201.1,116.2,0.11,Sad
3.0,0,0.9,3795,3,2510,86.2,334.4,41.7,0.22,Sad
3.4,2,0.5,1951,2,2643,103.7,313.9,102.9,0.33,Sad
4.0,1,1.2,3171,3,2422,102.4,374.6,64.5,0.34,Sad
4.6,0,0.7,2523,1,2523,71.3,389.1,89.5,0.39,Sad
3.3,2,1.0,1746,1,2130,66.2,160.3,65.3,0.39,Sad
3.3,2,0.8,1755,0,3163,74.9,236.0,69.8,0.08,Sad
4.1,0,0.7,2235,3,2822,124.5,386.9,114.2,0.05,Sad
3.3,1,1.5,3237,2,2770,138.6,392.4,100.3,0.39,Sad
5.0,1,1.2,3315,2,2030,120.5,375.0,51.2,0.29,Sad
4.1,0,0.8,2645,3,2531,50.2,163.8,91.3,0.25,Sad
4.2,0,0.7,2138,3,3186,113.9,171.8,80.9,0.08,Sad
3.4,0,0.8,3478,2,2614,56.3,363.5,69.6,0.2,Sad
3.7,1,0.8,2439,0,2241,120.1,261.1,119.4,0.12,Sad
4.6,1,0.8,3981,3,2085,131.9,299.5,51.5,0.39,Sad
3.6,0,1.5,3151,3,1981,40.7,309.7,61.9,0.39,Sad
3.3,0,1.0,3326,1,2180,131.6,222.4,79.2,0.3,Sad
4.6,2,0.8,3397,3,2259,43.0,150.6,61.0,0.12,Sad
4.9,2,1.3,2935,2,2654,59.7,376.7,91.6,0.05,Sad
3.1,0,1.3,3019,2,2990,92.9,259.0,60.6,0.4,Sad
4.4,2,1.5,1489,0,2331,57.9,164.6,65.6,0.15,Sad
4.8,1,0.6,1668,3,3103,140.3,239.0,63.2,0.02,Sad
4.1,2,1.4,3104,1,1993,105.9,191.8,65.8,0.08,Sad
3.6,2,1.3,2233,2,1996,98.8,237.9,51.5,0.11,Sad
3.3,0,0.8,2986,0,2246,57.0,205.3,55.1,0.16,Sad
4.8,2,1.1,3153,0,2654,90.7,169.1,105.5,0.34,Sad
4.8,0,1.0,2276,3,3023,97.5,392.5,53.8,0.28,Sad
3.6,2,1.2,1485,1,2264,73.8,202.5,118.5,0.09,Sad
3.8,1,1.3,1457,3,1887,61.6,158.2,92.8,0.03,Sad
4.2,1,1.0,2036,0,1997,126.1,380.0,56.4,0.02,Sad
4.8,0,0.7,2439,2,2987,78.3,190.1,80.1,0.01,Sad
4.5,2,0.7,3335,0,2883,63.9,197.9,62.5,0.03,Sad
4.8,0,1.0,3971,3,2550,116.8,196.3,93.9,0.04,Sad
3.2,2,1.3,2554,1,2634,52.4,396.2,49.9,0.17,Sad
3.2,2,0.6,2479,0,1968,76.1,178.9,62.7,0.28,Sad
4.2,1,0.8,2818,2,2676,60.8,167.4,107.3,0.09,Sad
4.0,2,1.2,1734,3,3176,51.6,259.5,92.7,0.01,Sad
3.2,0,0.6,2640,1,1932,80.0,199.8,56.0,0.28,Sad
4.7,2,0.9,1953,3,2370,124.1,341.5,87.5,0.34,Sad
4.5,2,1.3,2639,3,2792,96.3,186.8,76.4,0.14,Sad
3.2,0,1.0,1945,0,2003,121.2,357.6,79.9,0.25,Sad
3.1,0,0.7,3476,2,3073,108.6,340.0,92.9,0.27,Sad
4.0,2,1.0,2908,3,2804,95.5,285.6,104.8,0.08,Sad
4.1,0,0.5,1129,3,2721,74.6,244.1,76.8,0.4,Sad
3.1,0,1.1,2241,3,2682,54.8,328.9,79.0,0.35,Sad
3.2,2,1.2,3703,3,2774,101.8,189.1,44.5,0.22,Sad
3.5,1,1.1,2547,2,2456,46.8,297.6,50.3,0.25,Sad
3.7,2,1.3,3391,2,2579,50.7,236.3,68.6,0.01,Sad
3.7,1,1.2,2014,0,1934,135.6,178.6,53.6,0.09,Sad
4.1,2,0.5,3694,3,2346,42.2,267.4,41.8,0.35,Sad
3.6,1,1.1,2320,0,3182,62.6,274.2,104.9,0.23,Sad
4.3,1,0.7,2226,1,2817,109.9,393.5,46.0,0.15,Sad
4.7,2,0.7,2086,3,2262,108.7,389.5,97.4,0.02,Sad
4.2,2,1.1,2119,3,2674,63.1,348.9,92.1,0.03,Sad
3.6,1,1.3,2773,1,2648,84.3,306.2,76.3,0.27,Sad
4.5,2,0.7,1076,1,2981,94.9,315.2,105.9,0.25,Sad
4.9,2,0.8,3612,3,2959,119.9,165.0,56.1,0.21,Sad
3.9,1,0.7,3807,3,2452,134.6,377.8,90.7,0.31,Sad
4.7,1,0.8,2175,1,2631,66.2,187.5,42.2,0.26,Sad
4.6,1,0.8,2988,3,3124,139.6,200.5,61.8,0.22,Sad
3.1,0,1.3,2137,0,2795,126.0,163.8,111.7,0.26,Sad
3.6,1,0.8,1260,2,3175,112.3,172.6,115.5,0.36,Sad
4.4,2,0.6,1458,0,2868,113.1,295.1,102.0,0.23,Sad
4.1,0,1.0,1369,2,2474,131.6,334.3,104.5,0.1,Sad
4.5,0,1.4,1892,1,2362,88.3,213.6,87.2,0.06,Sad
4.0,1,0.9,1462,3,3198,67.1,219.4,102.7,0.13,Sad
3.3,0,1.0,2506,0,3156,127.9,163.7,113.4,0.33,Sad
4.3,2,0.8,2575,2,2049,98.8,209.1,75.4,0.12,Sad
3.0,0,1.5,2046,2,2230,134.5,190.1,75.1,0.12,Sad
3.6,0,1.3,3639,2,1964,130.6,385.1,77.7,0.16,Sad
3.8,0,1.3,3938,1,2334,95.7,238.0,88.2,0.17,Sad
4.6,0,1.2,2856,1,3090,88.8,310.3,40.2,0.28,Sad
3.4,0,0.8,3358,1,2857,118.5,341.9,91.9,0.03,Sad
3.3,1,1.1,2680,3,2779,136.1,183.4,53.9,0.32,Sad
4.2,1,0.8,2154,2,2172,83.3,244.3,106.8,0.08,Sad
4.1,2,0.5,1094,1,1982,147.2,199.6,96.1,0.37,Sad
3.3,0,0.9,2756,0,2553,58.7,291.8,41.1,0.24,Sad
4.1,1,1.3,2858,0,2259,118.5,197.6,109.0,0.33,Sad
4.6,1,0.8,3024,1,3028,63.7,356.0,98.1,0.15,Sad
3.4,1,0.7,1597,1,3065,89.6,212.1,86.6,0.01,Sad
4.3,1,0.6,2920,3,2234,118.5,327.1,98.9,0.05,Sad
3.5,0,0.6,1240,3,2525,149.6,384.8,117.4,0.02,Sad
4.2,2,1.2,1186,3,2419,147.5,317.8,50.6,0.0,Sad
4.8,2,0.5,1734,3,2494,136.6,183.0,65.4,0.1,Sad
4.1,0,0.6,1478,3,2375,122.3,381.6,62.6,0.13,Sad
4.8,1,1.1,2080,1,2446,121.1,272.8,116.0,0.21,Sad
4.1,0,1.4,3607,1,2104,46.0,195.8,77.6,0.32,Sad
3.3,1,1.0,1475,0,2704,79.2,327.3,78.8,0.4,Sad
4.0,0,1.3,1606,1,2381,59.9,192.1,80.7,0.05,Sad
3.5,0,1.4,3398,1,2652,141.2,211.5,79.8,0.08,Sad
3.2,2,0.8,2164,0,2607,81.1,382.3,48.5,0.27,Sad
3.6,2,0.5,2885,3,2729,109.1,217.3,92.6,0.33,Sad
3.7,1,0.5,3549,1,2232,135.0,350.4,62.6,0.38,Sad
4.6,1,1.2,3241,0,2616,68.1,210.0,101.7,0.38,Sad
3.8,1,0.5,1852,2,3125,122.8,313.5,49.6,0.07,Sad
4.0,2,0.9,2270,1,2535,113.2,358.0,81.0,0.36,Sad
4.0,2,1.4,2951,3,1984,123.2,352.7,89.1,0.11,Sad
3.9,1,0.9,1165,1,3126,115.5,188.8,79.6,0.21,Sad
4.3,0,1.0,2190,3,2415,56.3,181.9,112.2,0.19,Sad
4.7,2,1.0,2210,0,1892,96.5,277.7,73.0,0.23,Sad
3.9,2,1.2,2037,0,2831,41.8,335.1,77.0,0.14,Sad
4.6,2,1.3,1185,2,2442,104.6,263.7,93.6,0.03,Sad
4.2,0,0.8,1766,2,3179,51.7,283.6,40.5,0.08,Sad
3.2,1,0.7,2954,3,2420,108.0,393.5,68.9,0.18,Sad
4.3,0,1.2,2617,1,2076,41.5,178.0,41.3,0.32,Sad
4.9,0,1.4,1857,1,2692,132.6,364.5,83.1,0.19,Sad
3.2,0,1.3,1606,0,2140,139.3,334.7,75.6,0.19,Sad
4.0,0,0.5,2841,2,2966,131.2,247.9,66.7,0.23,Sad
3.2,1,1.3,2768,2,1875,93.6,271.5,87.3,0.39,Sad
4.2,0,1.2,2998,0,2664,103.4,288.3,61.4,0.09,Sad
4.3,2,1.4,1478,2,2718,116.7,155.2,63.0,0.2,Sad
3.4,2,0.8,1950,2,3033,133.9,328.8,77.5,0.2,Sad
4.8,2,1.2,2598,2,2767,128.0,361.1,89.7,0.38,Sad
3.6,0,1.2,3732,1,2120,106.6,175.2,73.3,0.19,Sad
5.0,0,0.8,1857,2,2334,79.3,189.7,106.2,0.22,Sad
4.8,0,0.5,1260,1,2047,101.8,271.6,119.5,0.14,Sad
4.6,0,1.3,3281,0,1903,141.9,259.5,76.6,0.11,Sad
4.7,2,0.6,1433,0,2951,44.6,176.4,90.4,0.31,Sad
4.7,2,1.4,1643,3,2836,94.8,367.6,52.3,0.29,Sad
3.7,1,1.3,1503,3,1813,67.0,352.3,67.3,0.34,Sad
4.0,1,0.6,2525,2,3089,113.1,187.9,100.3,0.29,Sad
3.8,1,0.7,2756,3,2857,127.4,240.4,42.4,0.17,Sad
3.3,0,0.5,3119,2,2444,84.2,343.1,74.7,0.38,Sad
3.8,2,0.5,3627,0,3093,147.8,349.8,110.1,0.06,Sad
4.9,1,0.9,3788,2,2504,40.9,219.9,82.2,0.28,Sad
4.8,2,1.2,2827,3,2507,137.6,345.4,72.4,0.26,Sad
3.4,1,0.8,1151,1,2865,149.1,221.0,47.4,0.21,Sad
4.1,0,1.0,3603,2,2294,131.5,226.0,73.8,0.06,Sad
4.0,2,1.2,2527,2,2053,45.3,312.7,50.0,0.1,Sad
3.6,0,1.2,2856,1,2517,72.9,316.7,105.2,0.14,Sad
4.1,0,0.6,2546,0,2471,96.8,198.1,102.3,0.21,Sad
3.9,0,0.6,2743,0,1927,86.7,182.5,57.2,0.33,Sad
3.2,2,1.2,2649,3,2340,104.3,309.1,119.7,0.24,Sad
4.4,0,1.4,3997,1,2835,54.0,327.8,50.4,0.39,Sad
4.4,1,1.4,1483,3,1866,122.1,386.0,69.5,0.28,Sad
4.9,1,1.1,2673,2,1882,97.5,179.4,64.4,0.04,Sad
3.7,0,0.8,1114,3,1899,143.1,226.3,62.7,0.32,Sad
3.4,1,1.2,1008,0,1891,85.9,293.3,85.3,0.05,Sad
4.8,2,1.3,2946,1,2083,95.5,265.2,76.0,0.33,Sad
3.9,2,1.4,2332,3,2593,65.6,248.8,83.3,0.04,Sad
4.9,0,1.4,2136,0,2971,109.3,342.9,64.7,0.26,Sad
4.3,2,1.1,1348,0,2967,97.4,337.6,80.2,0.08,Sad
3.0,0,1.2,3178,2,2221,67.0,326.4,111.0,0.07,Sad
3.9,2,1.3,3485,0,2806,134.8,155.8,75.0,0.13,Sad
3.8,0,1.4,2299,0,2003,99.6,221.3,54.6,0.15,Sad
4.5,0,0.7,2668,2,2171,43.0,164.6,71.2,0.27,Sad
3.6,0,0.9,2327,0,2214,66.4,299.3,58.9,0.1,Sad
4.0,1,1.0,1471,3,2932,84.8,271.0,72.6,0.11,Sad
3.5,2,1.4,2102,0,2304,123.9,312.9,50.0,0.22,Angry
4.1,0,0.9,3604,2,2906,148.4,345.5,83.0,0.2,Angry
3.8,1,1.4,2850,2,3137,146.9,150.1,114.7,0.02,Angry
4.0,1,1.1,3785,1,2998,132.5,220.3,52.9,0.15,Angry
4.1,0,0.6,1367,1,2939,149.9,369.6,56.9,0.16,Angry
4.0,2,1.3,3793,2,2727,70.0,315.6,65.7,0.38,Angry
3.4,2,1.5,2345,1,3123,141.4,302.2,40.3,0.01,Angry
3.0,2,0.7,3276,3,2604,99.2,346.8,91.9,0.36,Angry
3.2,0,0.5,3750,2,2570,131.0,239.5,54.2,0.18,Angry
4.5,1,1.2,1034,1,2710,41.0,335.8,100.7,0.05,Angry
4.4,2,1.2,1784,2,2252,65.8,273.5,69.0,0.04,Angry
3.6,0,1.4,3895,1,3107,83.6,367.5,85.5,0.24,Angry
4.0,2,1.1,3702,1,1933,104.7,336.5,50.2,0.3,Angry
4.9,1,1.4,3142,1,3188,42.5,392.5,94.2,0.29,Angry
4.2,1,1.2,2859,0,2461,87.6,398.8,61.9,0.0,Angry
4.4,0,1.0,2480,1,1896,70.6,255.0,75.9,0.21,Angry
3.0,0,0.7,1335,1,2667,145.4,379.2,55.8,0.35,Angry
3.7,1,0.6,3561,3,1849,105.2,306.6,66.7,0.04,Angry
3.5,0,0.6,1976,2,2864,127.4,385.9,102.1,0.38,Angry
4.2,0,1.3,3561,0,1924,140.8,244.3,111.2,0.18,Angry
4.4,1,1.3,1253,0,2417,107.2,258.0,48.1,0.37,Angry
3.1,2,0.6,2562,3,2277,135.1,346.9,89.9,0.16,Angry
3.9,2,1.0,2753,0,2495,111.6,318.9,42.1,0.35,Angry
4.0,2,1.1,1442,0,3014,126.8,198.4,85.9,0.04,Angry
4.3,2,0.8,2724,3,2180,66.7,349.3,44.8,0.19,Angry
3.6,1,0.9,3669,1,2101,91.6,300.8,63.3,0.3,Angry
4.9,0,1.0,3693,1,2838,130.1,289.9,44.4,0.27,Angry
3.7,0,1.5,3623,2,2187,113.5,323.7,118.6,0.36,Angry
4.2,1,0.8,3369,2,2657,76.1,176.2,110.1,0.23,Angry
4.8,2,1.0,1015,1,2755,108.6,209.8,98.8,0.26,Angry
4.9,0,0.8,2539,0,2543,41.1,239.5,84.4,0.08,Angry
3.3,1,0.9,3585,0,1860,61.9,221.0,57.5,0.23,Angry
3.5,0,0.7,3271,0,2160,132.7,377.7,41.7,0.1,Angry
4.4,0,0.9,1454,2,2734,66.4,352.4,92.9,0.14,Angry
4.9,2,1.5,3552,0,2042,55.9,381.0,103.6,0.35,Angry
3.4,1,0.9,2532,1,1894,123.9,296.8,108.4,0.13,Angry
3.6,1,0.6,2012,1,2840,146.5,371.5,56.7,0.02,Angry
3.2,0,1.0,3717,3,3121,122.6,243.6,81.5,0.25,Angry
3.4,2,1.2,3152,3,2770,69.5,250.2,113.7,0.28,Angry
4.2,1,0.5,1899,1,2610,64.0,256.3,70.2,0.36,Angry
3.3,0,1.3,2042,0,2404,88.9,237.9,86.7,0.22,Angry
3.9,1,1.1,2745,3,2552,128.5,229.3,70.6,0.18,Angry
3.4,0,0.7,3643,2,2827,96.4,310.9,102.9,0.03,Angry
4.9,2,0.6,1292,1,2483,61.6,232.3,64.2,0.14,Angry
4.6,2,1.2,2124,1,2912,140.4,152.1,64.0,0.08,Angry
4.6,2,1.3,2654,0,2766,112.0,397.3,116.1,0.38,Angry
4.7,1,0.7,3962,1,2856,104.6,288.2,77.5,0.3,Angry
4.6,0,0.8,1351,3,2655,63.1,262.5,84.7,0.13,Angry
3.7,2,1.1,1525,0,2823,129.1,358.6,67.2,0.12,Angry
3.8,2,1.2,2652,2,2467,104.6,291.9,42.6,0.31,Angry
3.3,2,1.5,2352,3,2580,62.5,247.7,82.8,0.23,Angry
3.4,2,0.6,3332,2,1990,58.9,318.7,54.2,0.38,Angry
4.7,0,1.1,1109,3,2381,62.6,222.8,82.0,0.07,Angry
3.9,1,0.9,1045,3,2121,148.9,182.3,73.5,0.07,Angry
4.5,0,0.9,1845,2,2685,130.0,316.2,52.7,0.05,Angry
4.2,2,0.8,1831,3,2364,62.2,397.8,75.7,0.2,Angry
4.6,2,1.1,2011,3,2742,90.9,159.8,47.3,0.21,Angry
4.3,2,1.4,2420,2,2600,107.4,352.5,54.0,0.28,Angry
3.5,2,1.4,2769,1,2964,50.5,324.7,43.5,0.18,Angry
4.8,2,0.7,3572,0,2244,140.0,252.8,100.9,0.22,Angry
3.2,1,0.9,1430,3,2723,58.1,201.8,43.6,0.2,Angry
3.1,1,1.1,3767,2,2617,134.1,249.2,40.9,0.3,Angry
3.2,1,1.4,2339,3,2744,47.5,287.1,59.4,0.27,Angry
4.9,0,0.6,2143,0,3043,51.1,223.5,82.8,0.34,Angry
3.8,0,0.6,1045,3,2533,59.6,328.6,111.4,0.27,Angry
4.1,2,0.9,1195,0,2599,115.9,261.0,87.9,0.33,Angry
3.1,1,0.9,1826,1,2209,50.1,255.4,119.1,0.37,Angry
3.7,0,0.7,3740,1,2142,44.8,278.1,105.2,0.03,Angry
3.6,2,1.1,3558,3,2676,53.3,203.4,68.5,0.08,Angry
3.3,0,0.9,2295,3,2250,47.3,353.8,92.0,0.0,Angry
3.7,2,0.6,1895,3,2008,118.4,347.8,113.8,0.16,Angry
4.1,2,0.8,1388,3,3188,141.7,342.9,50.6,0.24,Angry
3.4,2,1.3,3816,3,1938,76.9,302.1,86.8,0.13,Angry
3.8,2,1.1,1952,0,2276,42.3,339.7,49.9,0.2,Angry
3.5,0,0.9,1997,1,2567,94.9,200.5,70.1,0.25,Angry
4.3,1,0.7,3970,2,2074,70.6,310.9,100.8,0.24,Angry
4.0,0,1.5,3654,1,2478,77.7,201.5,44.3,0.33,Angry
4.8,0,1.5,3815,3,2867,75.4,260.6,40.5,0.28,Angry
4.7,0,0.6,1788,1,2057,50.1,298.2,106.5,0.02,Angry
4.9,1,0.7,1320,2,2136,119.4,211.2,54.1,0.17,Angry
3.5,0,0.8,2836,2,2785,48.8,393.1,71.9,0.39,Angry
3.3,1,0.9,3069,1,2787,42.2,245.4,108.3,0.24,Angry
4.5,2,1.4,3437,1,2326,81.8,226.5,62.7,0.21,Angry
4.1,1,1.0,2364,1,2116,140.8,151.0,108.9,0.05,Angry
4.5,1,0.9,2657,2,2586,93.9,310.3,87.1,0.37,Angry
3.8,2,0.5,1509,1,2197,123.9,389.3,101.7,0.15,Angry
4.5,2,0.8,3904,2,1918,111.6,381.6,98.9,0.2,Angry
3.5,2,0.5,2480,0,3163,111.0,215.3,76.4,0.25,Angry
4.4,2,0.8,3466,1,1825,52.8,173.1,96.9,0.23,Angry
3.8,0,1.2,1329,3,2139,131.3,213.2,64.2,0.21,Angry
4.9,2,1.2,2567,3,1982,52.0,293.2,103.8,0.23,Angry
4.6,1,0.8,1858,2,1813,148.6,354.1,40.1,0.37,Angry
3.1,1,1.2,3150,3,2149,59.4,196.6,50.7,0.17,Angry
4.0,0,1.0,1451,1,2211,46.5,195.7,100.7,0.18,Angry
3.5,2,1.4,2674,0,3103,58.3,223.3,70.2,0.18,Angry
3.6,1,0.8,3398,0,1819,46.7,337.9,40.6,0.09,Angry
4.2,0,1.5,1396,3,3034,97.2,390.5,61.3,0.08,Angry
4.0,1,1.3,3475,2,2445,129.9,385.2,93.2,0.17,Angry
3.8,0,0.6,2458,0,2735,135.8,250.5,106.8,0.35,Angry
4.9,1,0.5,1503,1,2554,89.7,321.5,109.6,0.35,Angry
4.0,1,1.2,1012,0,3097,79.6,161.4,104.6,0.39,Angry
3.7,2,0.9,3485,0,2513,87.1,382.9,114.5,0.19,Angry
5.0,1,1.4,1411,1,2093,135.7,369.1,102.8,0.29,Angry
4.4,1,0.5,3039,3,2144,138.6,388.8,78.6,0.32,Angry
4.1,2,0.7,1698,0,2016,87.8,328.9,52.8,0.3,Angry
4.9,1,1.4,2148,3,3173,53.5,183.9,82.8,0.09,Angry
4.5,0,0.6,3833,0,3118,77.8,377.5,99.4,0.13,Angry
4.5,1,1.2,3301,1,2257,68.5,222.7,48.9,0.39,Angry
3.7,0,1.1,1770,2,2060,133.9,388.5,86.2,0.3,Angry
3.0,1,0.6,3193,3,2454,124.8,349.4,114.7,0.08,Angry
3.3,1,1.2,3419,0,2902,133.8,229.0,105.3,0.09,Angry
3.6,2,0.7,3785,2,2098,122.2,362.3,106.2,0.18,Angry
3.1,0,0.8,3057,2,2975,92.6,357.2,79.6,0.4,Angry
4.4,2,0.9,2364,1,2260,117.0,163.1,109.2,0.06,Angry
3.4,2,1.0,2604,1,1844,100.3,234.4,94.2,0.12,Angry
5.0,2,1.3,2601,2,2378,116.6,198.8,108.5,0.03,Angry
3.8,0,0.6,3377,2,2737,112.0,294.3,75.4,0.35,Angry
4.0,2,1.4,1859,1,3133,41.0,331.5,86.1,0.09,Angry
4.4,1,1.5,1604,1,1915,50.6,393.5,54.4,0.15,Angry
3.1,1,1.5,3662,1,3084,119.5,211.3,49.5,0.14,Angry
3.8,2,0.8,3441,3,3173,112.4,344.4,109.2,0.38,Angry
4.3,0,0.8,3675,0,2038,49.1,272.3,93.5,0.18,Angry
4.0,1,0.5,3346,2,1993,127.4,195.3,78.7,0.39,Angry
4.3,1,0.9,3340,0,2900,60.3,353.2,41.6,0.05,Angry
4.1,2,1.0,3171,0,2224,146.2,374.4,54.5,0.2,Angry
4.2,1,0.7,3272,0,1880,54.2,201.6,52.9,0.18,Angry
4.1,0,1.4,1143,2,2544,146.3,192.9,118.2,0.03,Angry
4.3,2,0.7,1189,2,3149,98.8,185.0,79.2,0.38,Angry
3.6,2,1.4,2442,1,2002,112.9,161.2,42.9,0.24,Angry
3.3,2,1.4,1881,1,3011,79.5,182.1,89.8,0.38,Angry
3.1,0,0.8,2563,3,2734,49.2,213.5,74.0,0.26,Angry
4.4,1,1.0,1289,1,2562,102.0,311.9,80.9,0.25,Angry
3.3,1,1.3,2295,3,1853,146.0,211.9,61.6,0.4,Angry
4.1,2,1.2,2666,0,2543,140.0,344.5,51.7,0.03,Angry
4.6,0,0.8,1401,3,2015,126.1,180.9,82.1,0.15,Angry
4.8,1,1.1,3005,2,2929,69.8,174.8,43.8,0.04,Angry
3.6,2,1.3,1740,3,2776,105.2,214.8,94.9,0.14,Angry
4.4,2,1.2,1584,2,1908,141.0,309.8,69.6,0.15,Angry
4.6,0,1.2,2713,3,2524,127.8,275.6,62.1,0.28,Angry
3.9,0,1.4,1937,2,2632,124.8,361.3,90.8,0.12,Angry
3.2,0,0.7,1383,0,2385,101.0,273.2,109.9,0.07,Angry
4.9,0,0.9,3083,3,2819,96.7,399.5,111.0,0.37,Angry
4.4,2,0.9,3524,0,2670,117.3,337.4,59.5,0.08,Angry
4.5,0,1.5,3163,3,2145,114.2,370.5,81.9,0.27,Angry
3.5,0,0.6,1546,3,2814,81.7,243.3,49.1,0.21,Angry
4.8,0,0.7,3208,2,2412,93.1,216.2,40.2,0.34,Angry
4.3,2,0.9,2248,0,2748,138.2,362.1,44.6,0.37,Angry
3.0,0,1.0,2222,2,2181,84.2,152.2,74.5,0.14,Angry
3.4,1,1.0,1629,0,2118,124.6,212.5,77.7,0.16,Angry
3.7,1,0.9,1746,0,2698,112.2,259.8,51.2,0.21,Angry
4.5,0,0.5,3904,2,1882,54.7,255.3,66.5,0.08,Angry
3.1,1,1.2,2963,0,2662,93.8,273.9,94.5,0.38,Angry
3.3,2,1.3,2637,3,2069,52.1,177.0,41.7,0.2,Angry
3.3,2,1.0,3803,2,2679,147.4,334.4,74.7,0.09,Angry
3.6,0,1.0,2756,1,2310,70.9,178.8,61.1,0.1,Angry
4.4,2,1.2,2757,0,2828,107.2,197.2,108.4,0.08,Angry
4.3,0,0.6,1493,2,2193,142.2,256.6,89.3,0.05,Angry
3.2,2,0.6,2668,1,2254,77.0,269.8,80.8,0.21,Angry
4.3,1,0.8,2102,3,2305,75.2,161.9,43.3,0.15,Angry
3.1,1,1.2,1868,0,2682,60.3,387.1,69.1,0.11,Angry
3.6,0,0.6,1055,2,2538,121.5,240.3,102.3,0.27,Angry
4.1,2,0.9,3663,3,1978,137.6,182.6,99.4,0.11,Angry
3.2,0,1.1,3680,3,2002,48.2,286.6,67.4,0.33,Angry
4.5,0,1.5,1827,0,2061,61.1,287.6,60.2,0.21,Angry
4.8,1,1.4,3295,3,3089,118.9,377.7,45.4,0.39,Angry
3.8,0,1.4,3063,2,2064,71.9,389.0,44.9,0.32,Angry
4.9,2,0.7,2628,0,2138,88.2,277.3,85.0,0.2,Angry
3.8,0,1.1,1847,1,3012,116.6,369.8,103.3,0.07,Angry
3.9,0,1.2,3150,2,2349,100.7,192.8,43.6,0.1,Angry
3.5,1,0.5,1606,1,2353,136.1,162.9,118.4,0.38,Angry
5.0,1,0.7,1475,2,2464,49.2,326.4,83.9,0.0,Angry
4.4,0,0.9,3504,0,2528,64.1,391.3,54.1,0.12,Angry
4.9,2,1.0,3389,3,3139,68.3,306.6,88.3,0.04,Angry
3.4,2,0.9,2328,3,2118,89.1,332.5,74.7,0.11,Angry
3.3,0,1.0,3031,1,2186,102.7,385.8,54.4,0.07,Angry
3.6,2,0.8,1727,1,1942,55.8,256.6,76.4,0.33,Angry
4.3,2,0.9,3966,0,3035,51.0,246.0,48.8,0.21,Angry
3.0,0,1.3,1179,2,2092,143.2,299.9,103.4,0.05,Angry
3.0,1,1.3,3221,0,2214,55.3,339.9,111.4,0.29,Angry
4.6,0,0.8,2961,2,3085,99.8,155.3,43.6,0.06,Angry
4.1,0,0.6,2701,0,2264,87.0,186.8,92.4,0.06,Angry
3.5,2,1.4,2575,0,2807,58.7,177.5,48.1,0.27,Angry
4.9,1,0.9,3521,0,1888,106.5,194.5,82.4,0.13,Angry
4.2,2,1.2,1615,2,3079,129.9,237.1,48.3,0.36,Angry
4.8,2,1.2,2087,0,1804,134.8,394.5,102.2,0.32,Angry
3.3,1,0.6,2829,0,2031,103.6,389.9,62.3,0.29,Angry
3.2,1,1.5,1744,2,2812,86.6,323.4,73.1,0.31,Angry
4.6,1,0.8,3678,3,2925,94.7,283.4,82.6,0.37,Angry
4.6,2,0.9,3379,1,1978,65.9,150.7,119.5,0.29,Angry
3.0,0,1.1,1547,2,2539,133.4,366.7,105.5,0.37,Angry
3.6,1,0.6,3258,1,2231,131.1,164.0,51.0,0.39,Angry
4.9,2,1.2,2546,3,2561,45.9,176.5,86.5,0.29,Angry
4.0,1,1.1,1647,1,1961,67.0,153.1,106.5,0.01,Angry
3.8,2,1.3,2924,2,2762,85.3,234.3,102.5,0.3,Angry
4.4,2,0.8,1638,0,3037,122.6,275.8,40.9,0.02,Angry
4.7,1,1.2,2860,2,2265,86.6,189.2,117.8,0.22,Angry
4.0,1,1.5,1512,0,2248,83.2,355.6,118.1,0.3,Angry
4.2,1,0.6,3836,3,2579,58.1,350.8,91.7,0.19,Angry
3.4,1,0.6,1318,0,2290,71.0,285.4,45.2,0.15,Angry
4.2,0,1.3,2266,0,2292,69.6,394.2,85.2,0.08,Angry
