steps_count,activity_type,water_liters,calories,protein,carbs,fat,habit_completion_ratio,mood,sleep_quality
3619,1,0.6,2359,121.0,285.3,111.4,0.11,0,0
1356,1,1.1,1632,95.6,155.3,55.9,0.01,0,0
3661,0,1.2,2029,123.5,181.9,73.8,0.09,1,0
2138,3,0.7,2381,50.6,319.5,88.3,0.13,0,0
1177,0,1.2,2149,100.7,315.9,89.5,0.05,1,0
2481,2,1.1,2321,148.4,321.1,109.3,0.03,0,0
2556,2,0.8,2250,79.1,284.0,96.1,0.33,0,0
3799,1,1.1,2223,90.8,204.0,114.0,0.25,0,0
3818,1,1.1,2301,130.4,311.0,72.1,0.13,0,0
1271,1,0.7,2180,112.1,229.1,113.2,0.35,1,0
2879,3,0.6,1742,138.8,229.9,57.5,0.1,1,0
1566,1,1.0,1693,109.0,308.4,73.8,0.3,0,0
1260,0,0.9,2210,114.8,172.9,110.8,0.4,1,0
2092,1,1.3,1948,89.9,340.8,110.1,0.04,1,0
2078,2,1.5,2380,132.6,251.5,55.9,0.07,0,0
2531,2,1.3,2152,93.7,172.4,69.0,0.38,0,0
2259,0,0.7,1846,120.5,313.2,118.2,0.35,0,0
3181,2,1.3,1731,98.0,271.3,117.1,0.26,0,0
3208,3,1.3,2306,149.5,280.0,75.0,0.08,1,0
3119,0,1.0,1853,104.7,196.0,57.6,0.09,1,0
1290,2,1.2,1660,47.8,197.6,93.5,0.09,0,0
1877,1,1.0,2340,126.3,311.5,55.2,0.37,1,0
1397,0,1.2,1962,114.1,346.8,47.9,0.17,1,0
2649,3,1.2,1711,55.4,186.7,77.0,0.1,0,0
1308,0,0.9,2163,141.9,319.7,53.3,0.04,0,0
2989,3,1.0,2010,40.2,228.1,114.1,0.36,0,0
2863,1,0.8,2313,60.9,193.5,44.7,0.38,1,0
3220,1,0.6,1921,46.3,251.6,108.1,0.02,1,0
1280,0,1.1,2291,143.6,263.9,86.3,0.34,1,0
1162,2,1.1,2029,62.5,293.2,59.1,0.26,1,0
2621,0,0.6,2260,41.0,274.2,85.0,0.12,1,0
1409,2,0.6,1818,136.9,325.9,69.6,0.2,0,0
1646,2,0.9,2156,142.5,170.7,110.3,0.28,0,0
2083,2,0.6,1709,71.0,192.1,67.4,0.3,0,0
3815,0,1.1,1870,50.2,234.7,62.1,0.2,1,0
1014,1,0.8,1733,121.5,260.3,74.2,0.25,1,0
1039,2,0.6,2307,104.1,179.6,50.2,0.36,0,0
2262,1,0.9,1640,113.4,220.7,84.8,0.36,0,0
2664,1,1.5,2367,147.4,312.2,110.5,0.06,0,0
1101,1,0.7,1940,69.3,307.5,48.6,0.31,1,0
1158,2,1.4,1827,73.6,309.1,58.2,0.08,1,0
1096,2,1.2,2008,78.6,251.9,94.4,0.13,0,0
3196,1,0.8,1628,103.9,346.7,43.1,0.05,1,0
3443,0,0.9,2346,82.4,265.3,60.4,0.31,1,0
3903,2,0.9,2132,87.4,339.8,113.7,0.37,0,0
3552,2,0.8,1727,113.4,215.2,95.8,0.29,1,0
3270,1,0.6,2030,107.7,210.2,83.8,0.27,1,0
1001,3,0.8,1815,88.6,285.1,80.9,0.17,1,0
1695,0,1.2,1890,130.0,300.2,93.8,0.21,1,0
1920,3,1.3,1750,107.2,303.7,76.4,0.01,0,0
3579,3,1.1,2335,66.8,281.2,40.4,0.28,1,0
1436,0,1.3,1824,101.3,333.5,49.7,0.07,1,0
1546,3,1.3,2283,107.4,293.9,80.4,0.21,1,0
3244,3,0.9,1762,68.5,199.4,91.0,0.3,1,0
3135,2,1.0,1844,65.8,217.2,111.4,0.11,0,0
1330,1,0.6,1836,47.1,231.5,83.4,0.15,0,0
2703,3,0.6,2030,92.5,338.5,63.9,0.16,0,0
2597,3,1.4,2029,64.1,237.2,42.3,0.22,0,0
2376,1,1.2,2014,147.9,256.8,112.6,0.29,1,0
3424,1,1.1,1627,135.4,186.3,60.8,0.03,1,0
2340,2,0.7,1934,122.7,316.4,60.2,0.14,1,0
1335,1,1.0,2367,111.5,306.2,92.1,0.22,1,0
1127,1,1.4,1804,53.9,283.9,85.1,0.34,0,0
1892,0,1.0,1862,125.6,182.8,64.9,0.31,0,0
3370,3,0.5,1919,143.6,189.7,87.4,0.23,1,0
3569,0,0.7,2313,78.2,235.7,69.6,0.31,0,0
3072,0,1.1,1612,87.7,222.4,111.3,0.34,1,0
2883,3,1.2,2045,91.1,315.1,87.4,0.07,1,0
2320,1,1.4,1688,122.6,264.0,93.5,0.11,1,0
2377,2,0.5,1932,127.8,218.1,110.4,0.07,0,0
3872,0,1.4,2169,66.5,231.3,84.4,0.0,0,0
1984,0,1.2,2261,50.2,194.3,95.3,0.28,1,0
2254,3,1.2,1977,149.6,260.1,68.1,0.19,1,0
2858,2,0.8,1857,53.2,257.2,101.0,0.09,0,0
1758,0,0.7,2356,131.6,209.2,68.9,0.19,1,0
2238,0,0.5,2146,100.9,289.5,50.1,0.05,0,0
3010,3,0.6,1612,88.5,186.9,44.1,0.23,1,0
2956,0,0.6,1666,56.7,312.2,115.9,0.16,0,0
1348,1,1.5,1721,125.3,226.1,112.7,0.22,1,0
2217,0,1.4,2039,144.2,191.6,56.9,0.12,0,0
3705,1,0.6,1845,40.3,240.1,87.5,0.07,0,0
2192,0,0.5,1895,115.6,334.8,103.0,0.28,1,0
3560,1,1.1,1802,139.9,315.3,45.7,0.17,0,0
1679,3,1.3,2209,53.7,287.7,96.0,0.3,1,0
2115,3,1.0,2105,120.8,270.7,42.1,0.18,0,0
1937,2,1.5,2189,103.4,302.6,54.0,0.23,0,0
3125,3,1.2,1884,146.6,244.0,72.7,0.07,1,0
2315,2,1.2,1764,112.9,230.1,100.8,0.13,1,0
1150,3,1.0,1922,135.1,315.0,40.1,0.1,0,0
3222,3,1.0,1655,108.8,302.0,56.3,0.08,1,0
3249,0,0.6,1894,43.2,276.0,103.9,0.18,1,0
3907,0,0.7,2164,64.7,318.3,49.1,0.01,1,0
1481,2,1.1,1757,85.7,246.5,77.8,0.2,1,0
2870,0,1.1,1992,70.4,308.0,73.2,0.08,0,0
3079,3,0.8,1602,135.2,239.3,78.7,0.11,1,0
2361,1,1.1,2156,147.9,197.8,70.6,0.15,1,0
2682,3,0.5,2362,148.7,308.5,92.2,0.19,1,0
1623,0,1.0,1637,136.2,238.1,82.1,0.05,1,0
2871,0,0.5,1747,91.6,343.8,67.1,0.16,0,0
3837,2,0.9,1682,108.9,327.5,79.0,0.34,1,0
3216,1,0.5,1670,122.1,236.8,47.9,0.09,1,0
3595,0,1.2,1702,45.1,309.2,63.5,0.18,1,0
2535,1,0.9,1850,59.3,271.9,70.6,0.21,0,0
3798,2,0.7,2197,90.6,283.4,111.9,0.06,1,0
2905,3,1.4,2293,144.0,347.5,63.9,0.22,0,0
2737,3,1.2,2067,133.9,171.3,70.5,0.34,0,0
2470,2,1.1,2316,40.9,323.0,102.3,0.12,1,0
1200,1,1.4,2363,106.8,220.5,90.9,0.2,1,0
3543,0,0.8,2373,139.4,279.3,64.7,0.29,0,0
2805,2,0.5,1973,75.9,233.1,56.1,0.29,0,0
3209,1,1.4,1974,68.3,314.9,78.5,0.21,1,0
2208,0,1.2,1946,55.5,343.3,108.8,0.32,1,0
3966,0,1.2,2006,127.0,152.8,82.9,0.39,1,0
2862,2,0.9,2366,51.9,196.8,42.0,0.27,1,0
3299,3,0.8,2224,140.0,210.4,72.7,0.09,0,0
1572,0,0.5,1638,50.7,327.5,50.9,0.12,1,0
2858,1,0.9,2360,137.4,281.0,106.7,0.28,1,0
3521,1,0.9,1886,88.8,340.1,108.4,0.01,1,0
1406,0,1.5,1976,83.8,188.0,49.8,0.22,1,0
2862,0,0.6,1817,126.5,198.7,50.1,0.26,0,0
3312,1,0.7,2383,76.1,179.5,112.0,0.22,0,0
1011,1,0.8,1748,52.1,323.3,50.5,0.4,1,0
2467,1,1.3,1843,69.2,175.4,73.7,0.24,0,0
1465,0,1.2,2087,89.7,194.3,89.2,0.18,1,0
3978,0,1.3,2274,46.7,245.8,72.1,0.21,1,0
3810,0,0.6,2329,75.4,179.7,50.1,0.36,0,0
3557,2,1.1,2161,89.9,271.1,47.9,0.28,1,0
3874,3,0.6,2270,89.7,195.7,67.1,0.26,0,0
2857,2,0.9,2347,113.2,224.9,52.2,0.04,1,0
2942,2,0.6,1687,129.3,261.3,86.9,0.04,0,0
3300,3,1.1,2286,135.5,294.2,117.5,0.05,1,0
3459,1,0.8,1706,112.2,194.8,48.7,0.23,0,0
3278,3,0.9,2380,133.0,344.9,105.5,0.11,0,0
3513,0,1.2,2170,59.8,290.5,64.7,0.01,1,0
2391,0,0.9,1785,55.6,276.6,42.5,0.35,1,0
3172,2,0.7,2029,74.3,214.9,115.3,0.18,0,0
3442,0,0.6,1653,69.9,282.4,78.9,0.06,0,0
2810,2,0.9,1820,87.3,206.6,94.3,0.3,0,0
2993,0,1.0,1915,40.8,210.3,56.9,0.02,1,0
1562,3,1.3,1896,122.2,185.1,70.4,0.13,0,0
3882,0,0.7,2172,83.7,298.4,74.9,0.33,1,0
2883,3,1.4,1920,71.8,231.0,117.3,0.23,1,0
1703,0,1.3,2232,88.0,171.2,74.9,0.18,1,0
2640,1,1.0,2005,76.6,183.6,80.8,0.35,1,0
1467,2,1.0,1798,120.0,313.8,105.2,0.36,1,0
1967,0,0.6,1862,59.5,304.6,79.5,0.08,0,0
3309,2,1.3,2059,56.6,163.7,75.4,0.27,1,0
2240,2,1.3,2205,90.8,157.5,69.5,0.02,0,0
2175,3,0.6,1692,103.8,340.8,99.1,0.25,1,0
1168,3,0.9,2185,95.2,341.5,76.0,0.26,1,0
2406,0,1.5,1686,67.3,237.6,75.2,0.2,0,0
3141,3,1.1,1972,85.0,217.7,87.8,0.15,1,0
3584,2,1.1,1667,67.7,320.3,117.2,0.13,1,0
3468,2,1.4,1941,74.1,281.2,93.0,0.03,0,0
1528,2,1.1,1686,129.5,284.0,106.3,0.12,1,0
3807,2,1.4,1695,42.0,211.8,116.1,0.26,1,0
2399,1,1.4,2097,48.5,318.9,48.1,0.08,0,0
3210,1,1.3,2139,105.7,180.9,54.5,0.02,1,0
3837,3,1.3,1769,80.1,293.9,117.6,0.29,0,0
3500,1,0.8,2366,74.0,311.7,77.5,0.31,0,0
1794,2,0.9,2184,125.6,250.6,73.5,0.39,1,0
1663,0,1.3,2219,110.5,324.8,84.4,0.06,1,0
1420,0,1.2,2128,123.9,204.6,112.4,0.34,1,0
1603,3,1.3,1693,137.3,336.1,73.2,0.38,0,0
2623,2,1.0,1841,64.7,213.7,47.9,0.15,0,0
3927,3,1.1,1749,116.6,177.8,96.4,0.06,1,0
2837,1,1.1,1681,100.4,295.4,82.2,0.01,0,0
1455,1,1.3,1843,86.2,308.8,76.6,0.12,0,0
1454,1,1.3,2111,119.0,208.3,40.1,0.24,0,0
2445,2,0.7,2026,47.4,255.2,80.6,0.07,0,0
3079,3,1.1,1999,147.9,200.7,41.3,0.35,0,0
1276,2,0.8,2350,54.7,220.5,67.1,0.26,0,0
3632,1,0.7,2397,129.3,162.6,102.1,0.27,1,0
2874,0,0.5,1806,74.7,212.0,71.9,0.02,0,0
3224,2,1.0,1637,79.3,306.2,109.3,0.3,0,0
2359,3,0.8,1976,138.4,227.3,117.9,0.17,1,0
3032,0,1.2,1976,120.0,165.8,88.2,0.37,1,0
1739,2,1.0,1928,73.7,270.5,74.1,0.04,1,0
3825,3,0.9,2057,70.2,346.0,115.8,0.02,1,0
1307,0,1.2,2015,55.7,271.5,102.5,0.15,0,0
1142,2,0.6,1841,82.1,263.4,88.4,0.31,1,0
3781,1,0.9,1979,98.2,229.6,92.0,0.15,0,0
2022,3,1.5,1626,140.5,173.6,102.0,0.29,1,0
3883,1,0.9,2226,53.5,320.6,76.2,0.11,1,0
3921,2,0.9,1689,118.0,260.0,63.2,0.32,1,0
2228,2,1.4,2328,96.0,174.3,56.1,0.28,0,0
1568,3,0.7,2105,128.4,260.3,89.0,0.01,1,0
1353,3,0.6,2007,124.6,314.7,45.9,0.4,1,0
2298,1,1.1,2060,136.6,306.1,91.2,0.19,1,0
1745,0,1.3,1732,97.0,210.8,53.0,0.17,0,0
3905,2,0.7,2131,61.6,341.3,62.0,0.36,0,0
3560,1,0.8,2146,58.8,274.9,112.2,0.04,0,0
2382,0,1.3,2177,45.0,278.3,86.1,0.02,0,0
3667,3,0.7,2185,137.8,259.1,91.4,0.17,0,0
2237,0,1.0,2301,115.7,181.6,73.2,0.16,1,0
2902,2,0.7,2221,147.3,176.2,69.6,0.06,1,0
3300,3,0.6,1847,67.3,169.4,63.2,0.19,1,0
2573,2,1.4,2028,142.7,294.2,55.2,0.1,0,0
1652,3,1.0,2127,42.5,339.0,80.4,0.19,1,0
1986,3,0.7,1961,105.7,318.6,93.8,0.02,1,0
2170,2,1.0,1710,124.0,223.2,72.0,0.17,1,0
3335,3,1.1,1971,95.5,302.9,62.4,0.22,0,0
3552,3,1.2,1721,81.1,347.4,84.6,0.05,0,0
2497,0,1.3,1803,45.0,177.4,66.6,0.24,1,0
2940,2,1.0,1752,142.5,213.7,71.4,0.24,0,0
3525,2,1.2,1906,92.2,153.3,66.5,0.24,1,0
1448,3,1.5,2197,69.2,281.1,117.8,0.12,0,0
3369,1,1.1,2338,97.7,294.2,102.0,0.02,1,0
2557,1,0.6,2297,42.1,212.7,52.1,0.1,0,0
3828,0,0.7,2113,117.6,253.7,84.9,0.31,1,0
3712,3,1.0,1985,140.3,218.5,68.3,0.13,0,0
3952,1,1.2,2309,145.3,205.8,63.9,0.11,1,0
2219,2,1.3,2321,92.8,262.1,114.8,0.08,1,0
3955,3,0.8,1724,130.0,340.9,104.4,0.23,1,0
2189,2,0.5,2331,122.2,192.8,106.2,0.03,1,0
2110,1,1.4,2312,66.7,284.0,82.5,0.11,0,0
3613,0,0.7,1702,114.9,177.5,117.2,0.17,1,0
1646,2,0.9,2087,75.3,279.2,112.6,0.19,0,0
1366,1,1.2,1837,86.0,317.5,114.7,0.21,0,0
1148,2,1.5,2006,136.4,151.9,85.4,0.32,0,0
1439,1,1.4,1943,133.6,243.6,55.4,0.11,1,0
1461,1,0.8,2348,41.5,217.4,63.6,0.18,1,0
3762,3,1.3,1779,96.7,167.3,93.5,0.24,1,0
1756,0,1.5,2088,68.7,197.1,100.3,0.13,0,0
2350,2,0.8,2340,116.2,162.4,49.5,0.23,1,0
2256,0,0.7,2302,110.3,338.1,69.4,0.2,1,0
1904,2,0.7,1736,85.7,259.8,77.7,0.19,1,0
3201,3,1.3,1823,98.1,222.4,113.4,0.3,0,0
1459,1,0.6,2160,58.1,320.9,75.3,0.36,0,0
3786,0,0.7,2197,89.9,252.6,76.5,0.2,1,0
1236,3,1.1,2288,68.0,150.6,57.4,0.32,0,0
1299,0,0.5,1952,148.5,244.4,63.0,0.28,0,0
1737,2,1.3,2384,149.2,226.5,109.6,0.26,1,0
2546,2,0.9,2299,53.0,348.6,71.4,0.39,0,0
1521,2,1.2,1828,90.9,293.8,73.9,0.33,0,0
2553,2,1.3,1853,60.7,325.0,101.2,0.18,0,0
1131,1,1.3,2029,62.7,170.2,42.7,0.25,0,0
3448,3,1.2,1649,88.3,258.0,100.4,0.1,0,0
1231,2,0.6,1896,66.1,325.3,118.9,0.09,1,0
3135,3,0.7,1907,101.1,159.4,67.6,0.11,0,0
3635,3,1.2,2137,56.4,225.3,100.4,0.13,1,0
2939,3,0.7,1830,140.6,262.5,117.4,0.12,0,0
3282,2,1.0,1997,111.1,334.4,107.8,0.1,0,0
1378,0,1.0,1795,136.1,187.6,100.9,0.02,1,0
3966,2,1.2,1822,145.3,153.1,115.0,0.19,1,0
1480,1,1.2,2372,83.6,197.9,65.7,0.19,0,0
2159,2,0.9,2146,79.6,326.6,77.3,0.26,1,0
3959,2,1.0,1927,85.5,262.5,57.7,0.37,1,0
1597,2,0.5,2166,56.8,216.0,70.4,0.37,1,0
2006,2,1.0,2270,124.0,247.7,97.9,0.38,1,0
3009,1,1.0,2350,119.2,247.7,113.4,0.32,0,0
3220,0,1.5,1660,124.1,232.5,107.4,0.21,0,0
1947,2,0.6,1754,46.6,277.5,114.7,0.0,1,0
2979,0,1.2,1616,41.8,294.4,82.9,0.0,1,0
2174,0,0.5,2314,141.0,254.9,59.3,0.27,0,0
3538,0,1.0,1962,81.0,231.2,85.2,0.11,1,0
3855,0,0.7,2300,50.3,225.9,84.2,0.33,0,0
1229,3,1.1,2319,110.9,216.3,118.2,0.07,1,0
1390,2,1.4,1643,45.1,164.9,114.0,0.09,1,0
3224,0,1.1,1633,145.8,267.4,100.2,0.07,1,0
3919,3,1.3,1678,114.5,258.1,70.7,0.12,0,0
1573,0,1.3,2305,50.7,196.4,46.1,0.29,1,0
3478,0,1.3,2209,109.8,306.7,76.0,0.16,1,0
1934,0,0.9,1984,124.9,209.1,59.7,0.17,1,0
1301,3,0.6,1757,74.8,171.3,40.4,0.15,0,0
2262,0,0.9,2379,60.6,239.8,84.4,0.11,0,0
2671,2,0.6,1691,135.0,152.5,73.1,0.14,0,0
1346,1,1.2,2172,115.4,183.9,61.5,0.36,0,0
2099,3,1.0,1664,73.0,306.5,68.9,0.07,1,0
2010,3,1.2,2107,51.8,210.9,115.9,0.24,0,0
2360,3,1.3,1989,76.8,313.1,108.8,0.32,1,0
3434,3,0.6,1928,74.6,342.9,117.5,0.24,0,0
2193,2,1.2,2248,81.4,313.3,71.4,0.2,0,0
1466,0,1.4,1804,144.8,242.3,96.7,0.24,0,0
2795,3,1.3,2309,55.3,210.6,60.2,0.03,1,0
1631,3,1.2,1986,98.8,334.7,109.6,0.03,1,0
2713,0,1.0,1968,124.6,281.5,68.4,0.28,0,0
3650,2,1.1,2176,146.2,236.1,40.8,0.39,1,0
2059,3,0.7,2364,81.2,242.6,94.4,0.21,0,0
3828,0,1.0,1953,72.5,334.1,46.9,0.4,1,0
3990,3,0.6,1919,78.3,169.5,97.8,0.14,0,0
2853,0,0.8,1907,133.4,279.6,94.2,0.02,0,0
1673,1,1.4,2358,76.4,235.3,77.0,0.1,0,0
2659,3,1.1,1790,43.2,272.8,55.8,0.26,1,0
3425,2,0.9,1604,122.8,311.7,45.0,0.28,0,0
1416,1,1.3,2149,90.3,202.5,109.0,0.07,1,0
3161,0,1.5,1920,78.3,319.1,89.4,0.24,1,0
3759,1,1.2,1904,74.5,197.7,49.4,0.37,0,0
2529,3,1.2,2123,86.5,247.3,83.0,0.16,0,0
3642,2,1.4,1777,55.4,212.9,76.1,0.22,1,0
1219,3,1.4,1609,146.0,251.1,79.6,0.19,0,0
3804,1,1.0,2327,49.1,156.2,100.9,0.34,1,0
2196,3,0.5,1830,102.2,304.5,79.6,0.22,0,0
3092,0,0.6,1716,123.6,238.3,57.5,0.11,1,0
2741,0,0.6,2269,89.5,219.7,105.3,0.3,1,0
2798,1,1.4,1720,129.2,267.6,68.1,0.31,0,0
3911,1,1.1,2038,129.5,311.1,85.6,0.07,0,0
3180,2,0.8,2151,103.0,340.5,81.2,0.07,1,0
3782,0,1.3,1738,149.2,323.4,50.2,0.39,1,0
1543,3,0.7,2328,93.8,265.5,61.5,0.13,0,0
2696,3,0.9,1677,96.7,205.6,114.9,0.25,0,0
2511,0,1.0,2099,120.4,241.7,93.1,0.13,0,0
2467,1,1.4,2147,94.4,214.6,62.7,0.16,1,0
3241,0,1.1,2179,45.1,275.2,106.9,0.34,1,0
1066,3,0.6,1761,62.3,287.7,50.6,0.18,0,0
3662,2,0.8,1880,49.1,282.9,91.9,0.04,1,0
1212,3,0.9,1912,112.1,290.7,40.1,0.29,0,0
2953,0,0.6,2207,40.9,218.7,49.6,0.09,1,0
2729,0,1.2,2089,120.4,170.5,65.1,0.03,1,0
2225,1,0.6,2392,47.5,262.7,88.8,0.33,0,0
1672,3,0.9,2339,107.8,238.5,57.4,0.09,0,0
1411,2,0.6,1726,146.0,212.9,51.2,0.24,1,0
2134,0,1.1,1854,133.3,281.7,64.1,0.22,1,0
3120,0,1.1,1793,126.2,308.8,59.1,0.3,1,0
2580,0,0.6,2111,148.6,336.8,50.6,0.26,0,0
3328,0,0.9,2159,41.8,163.5,61.0,0.27,1,0
1163,3,1.4,2007,117.2,166.5,82.9,0.2,1,0
3523,1,0.7,1685,99.0,228.1,90.7,0.12,0,0
3661,1,1.2,1667,46.4,167.2,74.8,0.12,1,0
2857,0,1.1,1656,41.4,177.4,40.9,0.12,0,0
3033,1,1.5,2135,80.9,300.0,109.9,0.21,1,0
1483,2,1.3,1630,97.6,202.6,118.0,0.13,1,0
3570,3,0.6,2066,134.5,183.4,52.6,0.2,0,0
1421,0,1.4,2290,44.8,322.6,59.6,0.29,0,0
2932,3,0.9,1753,64.7,199.7,113.3,0.07,0,0
2310,0,0.8,1679,59.7,310.9,118.5,0.23,0,0
2642,2,0.6,2076,49.5,241.3,69.5,0.35,1,0
2194,3,1.1,1911,80.5,344.4,119.8,0.3,0,0
1800,1,1.2,2159,40.7,232.0,58.6,0.3,0,0
2418,0,1.1,2310,123.5,225.3,99.0,0.35,1,0
2259,3,0.6,2142,145.7,344.5,51.4,0.39,1,0
2146,2,0.6,1837,90.4,299.6,86.5,0.36,1,0
3070,3,0.6,2003,112.9,176.1,63.3,0.03,0,0
2290,2,1.4,2002,89.8,196.7,115.5,0.28,1,0
1557,1,1.3,2198,89.5,212.8,49.7,0.04,0,0
2467,2,1.5,1812,133.8,168.1,104.6,0.18,1,0
2246,2,1.3,2313,56.3,292.2,117.5,0.24,0,0
2623,0,1.0,2293,144.7,320.9,84.5,0.12,0,0
3253,0,0.7,2073,41.3,316.1,118.6,0.04,0,0
1535,2,0.7,2010,140.9,165.0,119.8,0.15,0,0
1809,2,1.4,2054,53.5,338.5,44.1,0.32,0,0
3350,3,0.9,2341,115.2,184.6,57.2,0.16,0,0
1766,1,0.8,2056,111.2,249.8,110.6,0.35,0,0
2962,1,0.6,1886,110.7,309.4,59.9,0.15,1,0
3226,3,1.3,1991,99.9,246.9,113.0,0.31,1,0
3057,1,0.8,1876,43.2,312.1,62.5,0.07,1,0
2932,1,1.0,2385,51.0,281.4,61.3,0.23,0,0
1229,2,1.3,1824,142.9,348.3,53.9,0.23,1,0
1968,2,1.1,2355,144.2,262.7,85.0,0.28,0,0
1771,3,1.3,2104,44.2,161.2,88.1,0.22,0,0
1081,1,1.0,1600,77.5,185.5,104.2,0.13,0,0
2325,0,0.6,1751,133.1,322.1,116.8,0.23,0,0
2530,2,1.2,2278,73.2,177.3,52.6,0.16,0,0
2789,2,1.3,2098,64.6,267.8,54.0,0.26,0,0
2256,3,1.2,1901,133.6,304.2,85.4,0.05,0,0
1745,3,1.1,2226,55.5,299.1,59.0,0.09,0,0
2308,3,0.7,1690,41.3,191.9,95.5,0.33,1,0
2435,3,0.8,1710,88.2,233.9,53.3,0.29,0,0
2695,0,1.0,1987,131.2,307.7,86.2,0.14,1,0
3814,2,0.7,2062,42.2,202.2,48.4,0.03,0,0
2400,0,0.7,1984,77.2,347.1,111.5,0.06,0,0
3885,1,0.5,2269,45.9,216.2,118.0,0.07,1,0
2676,2,1.2,2339,72.7,169.2,71.4,0.37,1,0
3251,3,1.3,1757,49.6,314.8,90.0,0.02,0,0
2967,0,0.7,1626,92.1,173.1,102.8,0.08,1,0
2928,1,1.0,2276,80.8,226.3,54.9,0.11,1,0
1182,0,0.8,2076,56.6,289.3,47.7,0.11,1,0
3736,0,0.8,2154,132.5,313.7,73.5,0.17,0,0
3193,3,1.2,2086,72.9,229.0,108.3,0.23,0,0
1142,0,1.0,2129,144.4,239.8,115.9,0.32,0,0
1684,0,1.5,1797,148.7,237.1,119.8,0.05,1,0
3569,0,0.6,2209,82.7,229.5,66.1,0.1,0,0
2131,0,1.0,1612,85.6,179.6,87.0,0.31,1,0
1410,2,1.4,2176,136.6,202.8,92.4,0.31,1,0
3343,1,1.1,1638,108.0,286.2,72.1,0.07,1,0
2621,3,1.4,1939,141.3,329.4,41.6,0.28,0,0
2241,1,0.8,2103,54.8,344.8,75.4,0.34,0,0
2314,1,0.8,2026,88.6,332.7,72.6,0.24,0,0
2984,0,1.3,1982,74.2,251.4,50.9,0.33,0,0
3147,0,1.4,1629,67.4,241.3,113.4,0.07,0,0
3886,0,0.7,1977,114.9,198.4,79.1,0.33,1,0
2827,2,0.7,2085,58.0,328.9,99.9,0.23,1,0
3821,1,0.6,1628,134.3,279.5,94.2,0.15,0,0
2102,3,1.2,2125,140.3,279.5,88.1,0.01,0,0
1034,2,0.7,2222,86.6,225.3,67.9,0.32,1,0
2032,0,0.7,1909,40.8,349.9,117.3,0.27,1,0
2532,0,1.1,2208,93.0,217.3,62.1,0.24,1,0
2331,1,1.4,1867,56.5,303.1,112.0,0.26,1,0
3457,3,0.9,1927,149.7,201.9,73.5,0.27,0,0
2590,2,1.2,2197,119.9,194.5,82.8,0.28,0,0
2948,1,1.4,2287,132.5,325.3,54.5,0.14,1,0
1399,2,1.0,2358,112.0,194.5,57.9,0.1,0,0
2257,3,0.9,1939,133.6,244.1,109.3,0.15,1,0
3390,0,1.1,2235,135.4,226.3,63.9,0.03,0,0
1221,2,1.4,1754,85.0,263.9,112.5,0.05,0,0
2874,3,0.6,2332,76.6,347.3,65.1,0.07,0,0
1237,1,0.5,1880,93.9,302.7,47.0,0.08,0,0
3516,3,0.9,2039,40.5,256.8,98.5,0.16,1,0
1057,0,1.4,2375,114.4,275.3,59.9,0.33,0,0
3840,2,1.4,1919,58.4,314.8,63.9,0.05,1,0
5191,3,2.0,2332,137.7,349.1,67.4,0.58,3,1
7692,0,2.0,2568,65.1,295.4,50.5,0.46,3,1
7006,0,1.5,2316,81.3,278.1,101.7,0.45,3,1
6552,0,1.5,1849,115.9,233.4,70.4,0.6,2,1
6241,2,1.8,2518,86.3,170.2,81.6,0.45,2,1
6550,0,2.1,1940,71.1,307.0,79.8,0.53,2,1
6494,2,1.7,2069,117.4,209.1,43.2,0.65,2,1
6033,1,2.4,2504,40.3,284.3,112.6,0.68,3,1
7421,0,2.1,2305,119.6,170.3,60.5,0.44,2,1
4946,0,2.0,2103,129.4,324.8,108.2,0.48,2,1
5475,0,2.3,2120,133.6,328.1,40.8,0.53,2,1
4566,2,2.2,1974,136.6,168.6,105.2,0.5,3,1
4749,3,1.6,2209,115.9,245.6,73.7,0.69,3,1
7629,1,2.3,1915,51.4,332.2,78.6,0.44,2,1
6330,0,2.2,1985,134.9,326.0,98.2,0.58,3,1
7652,3,1.6,2299,45.1,202.3,65.1,0.43,3,1
6885,2,2.4,2337,97.1,287.6,89.5,0.63,2,1
5772,1,2.2,2054,132.3,261.7,119.0,0.54,3,1
4223,3,1.5,1960,135.6,165.0,79.3,0.55,3,1
4986,3,1.8,2084,84.4,197.0,76.7,0.42,2,1
7281,2,2.1,1890,53.1,249.5,92.3,0.66,3,1
4420,0,1.9,1836,127.1,342.6,91.0,0.57,2,1
7645,2,2.0,2011,80.0,160.9,57.8,0.6,3,1
5861,2,1.8,2585,118.8,172.8,100.7,0.59,3,1
4908,2,1.5,2163,117.2,159.2,53.1,0.65,3,1
4575,2,2.3,2560,107.2,187.5,114.4,0.62,2,1
5609,0,1.7,2600,123.3,159.3,90.7,0.46,3,1
6753,1,2.1,2590,146.0,150.9,98.9,0.67,3,1
6266,1,2.4,2399,120.4,175.7,71.0,0.54,2,1
6459,3,2.1,2129,147.7,333.2,101.0,0.55,3,1
5120,1,1.9,2151,55.2,270.5,110.9,0.69,3,1
6098,1,1.8,2518,62.1,274.8,63.2,0.56,3,1
5414,2,2.4,1935,118.1,302.2,85.0,0.69,2,1
6387,3,2.1,2483,128.9,254.5,42.0,0.61,3,1
4595,2,1.6,1857,115.2,179.3,45.0,0.46,2,1
7212,3,1.8,2571,51.3,323.6,99.2,0.56,3,1
7542,2,1.7,2462,116.2,159.4,70.5,0.57,2,1
5706,0,2.5,2501,121.8,190.6,109.5,0.49,2,1
7524,1,2.4,2030,125.4,342.9,63.5,0.67,3,1
4726,0,2.5,1876,81.5,235.7,84.5,0.46,2,1
4532,1,1.7,2061,44.4,335.7,87.8,0.4,3,1
7168,3,2.4,2430,126.9,260.0,45.8,0.65,3,1
6898,1,1.8,2025,85.8,257.4,47.4,0.69,2,1
4906,2,2.4,2479,64.0,300.5,82.4,0.5,3,1
6299,3,2.3,2464,66.4,278.5,113.5,0.4,3,1
4998,0,2.5,2498,82.4,258.0,62.6,0.67,3,1
7732,3,2.0,2588,44.8,329.7,55.4,0.51,3,1
6104,0,1.6,1898,63.2,275.9,57.1,0.45,2,1
6807,0,1.9,1906,122.2,180.8,76.7,0.46,3,1
5358,0,1.5,1875,103.2,195.5,60.7,0.42,3,1
5589,3,2.0,2214,114.1,257.0,91.3,0.53,2,1
6532,2,1.6,2563,142.1,171.2,103.0,0.58,2,1
5234,3,2.1,2088,83.5,282.1,77.9,0.63,3,1
6185,1,1.7,2564,72.8,327.4,117.2,0.52,3,1
7551,1,2.2,2182,53.6,151.0,87.7,0.69,2,1
6200,1,2.0,1887,85.4,279.2,81.0,0.49,3,1
4659,0,1.7,2431,59.9,309.9,108.2,0.65,2,1
7487,2,2.3,2362,113.9,200.1,55.8,0.54,2,1
6378,0,2.0,2138,71.4,164.0,55.5,0.51,2,1
5990,2,2.0,2431,128.8,341.7,53.5,0.6,2,1
5282,2,1.7,2026,132.4,176.9,98.6,0.61,3,1
7595,3,2.0,2256,100.7,185.2,88.5,0.51,3,1
7447,2,1.8,1943,120.7,275.3,98.2,0.67,2,1
7654,1,1.5,2319,139.7,260.3,83.5,0.59,3,1
6210,1,2.0,2593,138.1,267.9,108.6,0.44,3,1
4548,0,2.0,2322,112.9,319.6,104.5,0.43,3,1
6515,1,2.2,2575,59.7,339.7,92.8,0.55,3,1
7963,0,1.6,2549,64.1,247.5,45.0,0.55,3,1
5513,3,1.7,2484,91.7,240.9,43.7,0.46,3,1
6656,2,1.8,2520,103.6,264.0,70.1,0.69,3,1
5550,2,1.9,2469,81.4,331.4,81.3,0.67,2,1
5445,0,2.3,2153,95.2,177.8,53.2,0.55,3,1
4315,1,2.0,2087,79.8,293.5,49.5,0.46,2,1
4943,3,1.9,2138,92.7,268.2,91.8,0.62,3,1
5683,1,1.5,1844,109.2,157.8,85.8,0.44,2,1
4229,0,1.7,1984,136.6,295.6,105.7,0.55,3,1
7879,3,1.6,2259,58.8,316.1,88.1,0.58,3,1
7254,1,2.1,2585,119.7,218.5,76.3,0.45,3,1
6419,0,1.6,2187,62.3,321.9,80.3,0.52,2,1
5719,0,2.3,2420,136.6,256.3,100.2,0.43,3,1
4381,3,2.0,1933,97.4,224.1,43.5,0.67,2,1
6170,2,1.9,2293,104.8,298.3,100.9,0.64,3,1
6853,1,2.1,2235,140.1,166.8,87.9,0.44,3,1
6227,0,1.9,1993,97.2,225.0,56.4,0.4,2,1
7294,2,1.8,2170,68.7,257.2,85.2,0.43,3,1
6506,3,1.8,2496,100.7,261.5,54.3,0.52,2,1
6290,3,2.1,2059,120.9,321.0,92.7,0.7,3,1
7063,1,1.7,2516,95.9,307.2,104.1,0.68,2,1
6515,0,2.2,2523,128.5,314.7,77.7,0.42,3,1
6458,0,1.9,1865,107.0,294.9,114.5,0.48,3,1
5641,1,2.1,2333,110.4,237.8,56.1,0.49,2,1
6690,1,2.4,2330,107.7,284.8,68.8,0.49,2,1
6682,3,1.5,1961,78.8,229.0,86.9,0.43,3,1
6120,2,1.5,2520,119.9,261.8,86.6,0.42,2,1
5423,3,2.5,2083,142.3,265.0,60.9,0.47,2,1
5667,2,2.0,2372,144.2,310.6,116.5,0.42,3,1
7588,3,2.0,2388,101.9,304.0,100.6,0.48,3,1
7937,3,2.3,2497,52.8,163.5,90.7,0.54,2,1
4902,2,2.2,2035,96.8,151.9,106.6,0.64,3,1
5016,0,1.8,2208,101.0,185.7,65.1,0.6,3,1
4895,3,2.4,2075,121.1,197.0,59.4,0.45,2,1
5087,1,1.7,2007,125.7,174.0,46.3,0.65,3,1
7914,3,2.2,2428,80.8,213.1,111.8,0.4,2,1
7608,3,2.4,2081,64.4,265.3,44.3,0.55,3,1
7273,3,1.9,2353,134.6,305.2,76.6,0.41,3,1
4493,0,2.2,2271,114.2,225.9,48.1,0.49,2,1
5481,1,2.1,2065,69.6,341.7,67.4,0.46,3,1
4753,2,2.0,2015,134.0,205.9,54.4,0.53,3,1
4537,2,2.5,2502,128.4,261.1,108.5,0.47,2,1
4803,1,1.6,2556,86.4,176.9,111.5,0.44,2,1
6583,2,2.0,2537,67.6,321.7,43.8,0.49,3,1
4405,3,2.2,1861,132.3,169.3,99.6,0.46,3,1
5064,2,1.9,2373,42.2,174.2,109.4,0.57,3,1
7944,2,2.1,2390,79.1,284.6,79.0,0.57,2,1
7016,3,1.9,1880,109.5,179.0,53.4,0.51,3,1
7308,0,2.4,2231,48.7,218.7,65.1,0.59,3,1
6674,2,1.8,2073,137.6,306.2,115.1,0.58,3,1
7063,0,2.1,2261,53.8,196.9,60.1,0.52,2,1
7046,0,2.2,1881,50.5,337.4,77.9,0.46,3,1
4220,0,1.5,2206,68.9,181.1,92.4,0.56,2,1
7626,3,1.9,2034,108.9,176.3,107.1,0.47,3,1
4117,3,1.5,2165,91.4,324.2,114.8,0.66,3,1
6246,3,1.9,2514,97.6,277.9,64.8,0.56,3,1
5422,2,2.0,2032,80.2,202.0,64.3,0.64,3,1
4000,2,2.0,2576,91.6,151.7,113.8,0.65,3,1
7878,2,2.3,2106,105.7,309.4,83.9,0.4,3,1
4772,1,1.9,2374,118.6,279.2,106.3,0.53,2,1
4903,2,1.8,2232,111.3,256.4,61.5,0.59,3,1
4770,3,2.4,1986,108.0,204.4,89.8,0.44,2,1
4769,1,1.8,1955,147.0,206.4,50.0,0.41,2,1
5795,3,2.2,2038,63.9,234.0,102.9,0.43,2,1
6041,2,2.5,2274,48.8,300.1,51.7,0.61,2,1
5091,1,2.3,1873,138.5,200.0,70.5,0.56,2,1
4051,3,1.6,2586,67.2,348.9,55.9,0.61,3,1
7011,3,2.3,2333,82.8,342.2,114.9,0.6,2,1
4649,2,2.1,1843,92.9,209.8,68.8,0.62,2,1
4213,3,2.4,2023,75.7,183.5,62.1,0.69,2,1
4490,3,1.9,2048,115.7,181.0,101.7,0.4,2,1
5018,0,1.7,1893,46.6,278.9,96.1,0.61,3,1
7241,3,1.6,2299,120.7,154.3,70.2,0.47,3,1
6967,2,1.6,1840,99.7,248.0,85.3,0.55,3,1
6226,0,1.8,2549,98.4,239.9,105.6,0.54,2,1
6218,1,1.9,1800,137.1,273.9,69.1,0.63,3,1
6540,1,1.7,2538,97.6,249.5,84.1,0.42,3,1
6511,0,1.8,2219,97.6,163.3,106.8,0.59,2,1
4531,1,1.7,1832,50.9,264.2,106.9,0.46,3,1
6694,0,2.0,2438,80.3,271.2,45.7,0.61,3,1
7810,3,2.4,2471,128.1,162.1,84.6,0.55,2,1
7843,2,2.4,2177,98.2,296.9,106.8,0.64,2,1
4319,3,2.4,2331,60.8,255.2,59.9,0.43,2,1
6561,0,2.4,2371,124.3,265.3,94.0,0.62,3,1
6877,3,2.2,1906,95.5,281.5,82.7,0.45,2,1
6457,2,1.9,2160,85.4,276.6,106.1,0.67,3,1
5324,2,2.1,2376,79.6,240.5,116.8,0.56,3,1
4000,2,2.2,2091,40.7,346.9,57.2,0.58,2,1
5289,0,1.5,2506,44.2,221.1,51.1,0.65,2,1
5503,0,2.4,2055,102.8,263.8,57.4,0.47,3,1
4316,2,2.2,2294,44.1,311.7,70.5,0.45,2,1
7195,3,1.6,2589,142.3,174.1,101.6,0.5,3,1
7062,0,2.2,2416,73.5,158.2,83.2,0.68,3,1
4612,3,1.8,2514,146.8,300.6,86.0,0.47,2,1
4368,1,1.7,2096,77.0,245.2,99.6,0.64,2,1
6245,1,1.9,1887,123.8,246.2,55.8,0.52,3,1
5619,1,2.2,2000,47.9,305.4,65.9,0.57,2,1
7785,2,2.1,1915,78.3,214.1,87.5,0.6,3,1
4099,1,2.3,1973,88.5,334.8,58.7,0.7,3,1
6807,0,1.9,2575,121.4,198.6,89.7,0.62,2,1
4604,2,2.4,2094,89.5,154.5,56.7,0.4,2,1
6203,3,1.7,2359,108.5,348.5,95.6,0.56,3,1
6737,2,1.5,2396,58.7,206.8,103.1,0.67,2,1
6531,0,1.8,2276,82.8,204.3,108.2,0.6,2,1
6703,1,1.9,1910,147.8,251.7,96.8,0.41,3,1
7702,1,1.8,2411,95.1,241.6,114.1,0.56,2,1
4088,3,1.5,2342,121.9,153.7,94.7,0.49,3,1
5455,0,2.1,2041,108.8,325.7,111.2,0.7,3,1
7337,1,2.5,2368,77.6,228.6,51.0,0.68,2,1
6989,3,1.9,2494,66.4,180.5,117.6,0.58,2,1
7726,1,2.1,2259,103.9,286.8,56.2,0.56,2,1
4565,3,1.8,2522,149.5,345.2,51.6,0.67,2,1
7821,1,2.1,1961,74.9,325.9,98.2,0.5,2,1
7135,3,1.8,2223,122.0,314.3,90.9,0.69,3,1
7024,1,1.8,2597,42.9,347.2,89.4,0.46,2,1
6480,0,2.1,2036,79.5,287.6,78.1,0.58,2,1
6057,1,2.3,2280,133.7,248.3,51.0,0.61,3,1
4791,2,1.7,2218,144.5,194.5,93.7,0.63,2,1
4830,3,2.3,1867,115.7,323.4,111.0,0.45,3,1
5751,2,1.9,1842,83.4,337.8,85.8,0.58,3,1
6196,3,2.0,2521,90.3,325.6,110.2,0.64,2,1
5006,3,2.0,2205,96.8,276.1,43.9,0.7,2,1
5192,3,1.9,2111,58.3,208.9,113.5,0.63,3,1
6826,0,2.0,1945,119.5,172.6,102.3,0.54,3,1
7841,2,2.4,2359,89.6,185.8,87.2,0.44,3,1
6918,1,2.4,2265,119.0,174.7,49.1,0.43,3,1
5840,1,2.1,1887,81.7,226.1,101.5,0.56,3,1
7736,1,1.8,2475,59.7,292.4,73.6,0.66,2,1
5267,0,2.2,2256,138.8,342.1,40.3,0.49,2,1
7135,0,1.8,2269,106.9,248.7,57.3,0.55,3,1
6701,1,2.0,2219,137.0,205.6,90.3,0.53,2,1
7359,2,2.3,1850,44.0,320.8,93.4,0.46,2,1
7432,0,2.1,2139,85.9,185.6,93.8,0.68,2,1
6503,3,2.2,2516,122.4,222.0,42.9,0.58,2,1
7147,3,1.8,2177,132.8,163.0,77.7,0.67,2,1
4499,1,2.2,2081,116.5,272.4,48.7,0.5,3,1
6988,2,2.5,2341,87.0,319.6,60.8,0.7,3,1
6355,3,2.5,2162,94.2,186.0,88.8,0.68,3,1
6902,3,1.8,1998,108.8,173.6,107.8,0.4,2,1
7275,2,2.1,2224,101.6,277.5,40.9,0.52,3,1
4824,2,2.2,2060,95.7,214.8,40.5,0.64,3,1
6809,1,1.8,2205,61.3,316.8,113.8,0.62,2,1
5962,1,2.4,1836,109.0,328.4,83.0,0.59,3,1
5372,2,2.0,2223,102.1,285.6,84.4,0.68,2,1
4076,0,1.7,2501,146.7,206.1,42.5,0.5,3,1
5536,1,2.1,1969,105.5,322.9,100.1,0.57,3,1
6888,0,2.4,2526,94.7,197.5,76.2,0.41,3,1
7894,2,1.8,2337,126.3,305.6,113.1,0.49,2,1
5817,1,2.0,2294,77.4,246.7,109.9,0.67,2,1
5271,1,2.3,1946,62.6,157.3,71.0,0.63,2,1
7542,0,2.0,1804,76.7,327.8,48.2,0.49,2,1
7138,1,2.2,2119,75.3,188.5,62.1,0.41,3,1
5307,1,2.3,2487,70.1,153.1,89.8,0.44,2,1
6105,2,1.6,2355,55.6,290.9,62.7,0.51,3,1
5002,3,1.7,2118,45.6,155.8,112.3,0.58,3,1
4206,1,1.6,1855,117.5,328.3,90.4,0.43,3,1
6826,1,2.2,2431,118.4,284.2,82.7,0.51,3,1
7988,0,2.4,2582,129.4,333.9,77.5,0.54,2,1
5866,3,1.8,2459,65.5,194.8,108.9,0.61,3,1
6526,2,1.8,2172,89.9,156.1,78.0,0.52,3,1
5439,1,2.0,1974,95.9,231.1,97.1,0.48,3,1
4438,3,1.8,2465,84.1,232.7,89.7,0.42,3,1
6244,1,1.7,2293,129.5,268.2,102.7,0.52,3,1
5783,1,2.1,2150,112.9,165.6,114.5,0.56,2,1
6351,2,2.3,1917,101.1,314.4,54.1,0.58,3,1
7915,2,1.9,2412,94.4,282.0,47.2,0.43,3,1
7346,1,1.6,2394,112.7,240.6,63.3,0.67,2,1
6521,2,2.1,2000,102.7,332.6,64.4,0.46,3,1
7863,0,2.4,2535,104.1,272.3,80.8,0.69,3,1
7471,0,1.6,2101,117.4,314.2,68.7,0.42,2,1
7527,2,1.8,1831,118.3,231.2,74.8,0.47,3,1
4865,2,2.2,2286,132.4,180.9,119.8,0.44,3,1
6744,1,1.6,1811,119.3,247.3,74.9,0.42,2,1
4556,3,1.6,2457,108.6,240.9,73.9,0.64,3,1
7359,0,2.0,2163,103.6,319.4,58.9,0.47,3,1
6055,0,1.8,2359,102.5,291.0,49.1,0.57,2,1
5972,3,2.5,1881,96.9,254.7,88.8,0.44,3,1
5004,2,2.0,2559,107.4,330.7,82.8,0.6,2,1
4044,3,2.0,2324,78.8,345.6,63.6,0.67,3,1
4686,0,1.5,2411,109.2,265.6,85.8,0.62,3,1
6688,3,2.5,2555,49.1,251.1,108.1,0.59,3,1
5138,0,1.8,2430,121.6,270.8,112.8,0.48,3,1
7026,2,1.7,2257,126.1,197.2,54.5,0.51,2,1
6160,1,2.4,2151,132.1,300.6,73.0,0.7,2,1
5569,1,1.7,2250,103.6,318.4,44.3,0.62,2,1
5082,3,2.3,1918,92.4,245.3,115.9,0.42,3,1
7778,3,2.0,2188,68.9,256.1,74.8,0.61,3,1
5182,0,2.4,2259,50.7,256.3,68.3,0.51,3,1
7458,2,1.9,2467,69.4,169.7,92.3,0.66,3,1
5602,2,2.0,2491,114.5,348.6,65.1,0.62,2,1
4043,0,2.2,1869,115.4,220.3,98.0,0.4,2,1
5031,1,1.7,1824,144.6,277.6,96.6,0.59,2,1
4491,0,1.6,2419,116.5,200.7,77.4,0.44,2,1
7834,3,1.6,2264,116.1,283.5,101.6,0.68,3,1
5054,3,1.7,1875,82.7,349.2,60.7,0.48,2,1
7329,3,1.8,2251,59.6,248.4,51.5,0.42,2,1
7148,2,1.9,2428,51.4,164.6,85.7,0.59,3,1
5026,0,2.3,1819,142.6,282.9,61.3,0.67,2,1
6867,3,1.8,2200,88.0,318.8,102.5,0.57,3,1
7216,0,1.6,2031,102.4,337.0,68.7,0.4,3,1
6792,2,1.8,1856,98.8,342.2,46.4,0.59,2,1
5882,0,2.3,2096,146.4,282.1,63.9,0.59,2,1
5597,0,2.4,2445,137.4,237.6,55.2,0.61,3,1
4146,3,1.7,2537,82.8,308.5,91.5,0.7,2,1
6046,0,2.0,2260,77.3,217.5,97.7,0.69,2,1
5660,1,1.6,2469,121.5,196.6,45.8,0.6,3,1
7012,1,1.6,2469,117.1,176.1,53.8,0.41,2,1
4204,0,2.4,1899,130.0,171.3,79.8,0.54,2,1
7273,2,2.1,1864,129.3,346.4,94.3,0.64,3,1
5328,2,1.6,2500,132.0,308.6,101.1,0.57,2,1
6429,3,1.7,1864,58.5,224.0,53.2,0.44,2,1
4997,1,2.4,1841,41.7,247.4,40.5,0.44,3,1
4734,3,2.4,2523,116.3,308.4,78.1,0.6,3,1
4519,3,1.7,2455,66.3,184.9,95.3,0.48,3,1
6442,2,1.7,2311,78.3,150.9,58.9,0.58,2,1
4481,3,2.5,1897,124.7,281.9,62.1,0.59,2,1
4793,3,1.6,1952,59.4,284.0,43.4,0.61,3,1
6641,3,1.9,2014,44.8,298.1,114.0,0.53,3,1
4720,0,1.7,1829,138.5,294.3,87.4,0.55,2,1
5335,1,1.9,2565,125.7,215.2,47.8,0.6,3,1
7021,0,1.9,2004,91.8,246.9,111.2,0.51,2,1
4593,2,1.7,2424,55.0,294.0,90.6,0.54,3,1
7995,2,1.8,2143,55.0,320.3,76.7,0.44,2,1
4701,1,2.3,2025,103.6,260.6,58.4,0.67,2,1
5686,3,2.4,2300,132.1,205.8,98.4,0.66,2,1
7015,1,2.4,2053,140.5,329.7,73.4,0.5,2,1
4181,3,1.5,2281,98.4,245.9,103.8,0.62,2,1
7364,3,1.6,2307,144.5,176.5,63.7,0.47,2,1
6652,1,2.5,1816,117.4,321.6,99.8,0.54,3,1
4099,1,2.5,2274,126.9,224.1,77.1,0.63,3,1
6594,0,1.5,2442,72.6,300.6,95.8,0.42,3,1
6508,2,2.0,2012,120.9,161.0,115.6,0.64,2,1
6763,3,1.9,1852,108.1,223.1,54.0,0.43,3,1
6288,1,2.2,2374,147.9,197.7,49.1,0.61,2,1
5959,1,2.2,2570,75.3,329.6,80.3,0.57,2,1
5732,3,1.8,1864,95.2,315.9,77.6,0.51,3,1
6178,2,2.2,2345,128.0,339.1,104.7,0.67,3,1
7853,0,2.4,1992,48.8,329.6,63.1,0.67,3,1
7918,3,1.6,1968,56.6,190.9,116.2,0.48,2,1
4092,3,1.8,2498,78.1,238.8,91.6,0.56,2,1
5194,2,1.7,1822,85.3,218.6,91.7,0.66,2,1
5336,3,2.0,2481,73.4,176.4,103.1,0.61,3,1
4703,0,2.3,2032,56.3,206.9,116.5,0.55,3,1
6533,1,2.4,2528,132.3,288.6,93.3,0.56,2,1
4628,1,1.7,1919,88.5,223.9,56.4,0.41,3,1
6896,2,1.5,2124,89.3,345.1,82.7,0.69,2,1
4497,3,2.4,2214,142.1,181.2,117.6,0.68,2,1
6237,3,2.5,2139,138.6,343.9,100.3,0.59,3,1
6349,2,2.2,2378,115.8,296.3,112.0,0.62,3,1
4571,1,2.2,1919,89.1,168.5,44.4,0.49,3,1
6626,1,1.7,2339,42.5,257.7,75.6,0.47,3,1
6750,2,2.5,2324,106.3,252.3,44.5,0.52,3,1
6731,2,1.9,1951,82.5,152.4,67.6,0.61,3,1
5261,3,2.5,2374,128.4,207.7,104.5,0.43,3,1
7974,0,2.4,2546,55.8,210.6,119.1,0.67,2,1
6151,0,2.5,1867,40.7,277.8,61.9,0.68,3,1
4716,1,2.1,2527,60.5,226.4,84.3,0.57,2,1
4172,3,2.3,2109,101.5,242.7,42.1,0.65,3,1
4010,0,1.7,2107,111.9,328.5,73.4,0.69,3,1
6014,2,2.4,2460,94.2,344.1,87.9,0.47,2,1
5481,3,2.1,2379,147.2,313.7,69.9,0.53,3,1
7002,1,2.1,2065,75.2,325.7,50.8,0.45,2,1
4668,0,1.6,2169,71.9,255.9,114.9,0.53,3,1
6104,1,1.7,2443,99.8,324.5,106.1,0.45,2,1
6805,0,2.3,2077,98.8,220.3,51.5,0.61,3,1
4560,2,2.0,2181,141.3,182.6,57.4,0.63,3,1
6061,3,1.7,1992,90.7,165.3,105.5,0.64,2,1
7782,1,1.5,2156,129.9,327.9,87.8,0.49,3,1
7127,0,2.5,1976,64.5,321.4,51.4,0.61,2,1
4928,3,1.8,2014,116.0,306.8,46.2,0.44,2,1
7173,0,2.0,2241,127.2,252.7,44.7,0.41,2,1
4487,0,2.4,1844,126.1,334.0,56.4,0.42,2,1
7691,1,1.7,2486,133.0,338.4,115.9,0.51,2,1
5424,0,1.9,2312,50.9,265.6,41.1,0.63,2,1
4888,0,2.2,2088,141.7,334.1,108.1,0.45,2,1
5944,1,1.9,2403,131.8,346.3,73.9,0.46,2,1
6106,0,1.7,1915,91.2,253.9,79.7,0.63,3,1
5479,2,2.2,2370,94.3,227.0,76.6,0.62,2,1
7015,2,1.8,2254,148.3,235.6,108.5,0.47,3,1
7664,1,2.3,2287,41.4,284.8,93.8,0.68,3,1
5623,1,1.9,2474,83.4,289.0,118.2,0.6,2,1
7036,2,2.4,1972,62.0,318.8,72.3,0.42,2,1
4953,3,2.3,2542,79.2,283.3,116.0,0.55,3,1
5984,0,2.0,1950,67.6,249.5,90.3,0.63,2,1
4551,3,1.5,2555,114.6,344.4,70.6,0.42,2,1
6782,0,1.8,2110,112.7,254.0,79.4,0.59,2,1
5908,2,1.7,2477,129.0,258.1,41.4,0.55,3,1
7129,3,1.5,2240,89.5,320.6,75.4,0.66,2,1
4147,1,1.5,2370,94.1,176.9,97.3,0.6,3,1
5996,3,2.3,2382,101.8,181.3,44.5,0.6,3,1
5078,2,2.0,2186,75.3,155.6,43.6,0.59,3,1
7428,3,1.9,2559,50.7,219.0,68.6,0.58,3,1
5438,0,1.6,2050,140.1,163.1,64.4,0.47,3,1
5382,3,1.7,2351,102.5,330.3,61.3,0.5,3,1
6850,3,2.0,1822,75.5,169.5,79.1,0.7,3,1
6829,1,2.2,2144,107.6,222.7,74.9,0.55,3,1
6035,2,2.1,1877,69.2,209.5,85.9,0.65,2,1
7295,2,1.7,2560,70.1,263.3,82.5,0.69,2,1
5749,2,1.7,1878,87.6,258.0,56.0,0.6,3,1
5647,0,1.8,2327,109.1,253.2,54.9,0.54,2,1
6044,3,1.7,2560,142.8,295.3,44.8,0.68,3,1
4821,3,1.9,1951,85.1,322.0,112.9,0.47,3,1
6596,1,1.7,2222,68.2,270.2,72.5,0.48,3,1
4465,3,1.6,1828,93.4,348.3,73.8,0.47,3,1
7709,2,1.5,1963,126.9,205.6,84.1,0.48,2,1
6639,0,2.4,2539,134.6,166.8,88.1,0.55,2,1
7551,3,1.6,2216,143.7,294.8,51.2,0.67,2,1
4458,3,2.1,2312,137.3,197.6,49.8,0.68,3,1
7304,3,1.8,2398,64.0,171.4,57.1,0.62,2,1
5124,3,1.9,2060,98.7,289.9,49.0,0.66,2,1
6235,1,1.9,2499,79.9,293.1,105.7,0.47,3,1
4086,1,2.1,2420,67.8,226.9,91.1,0.41,2,1
6869,3,1.9,2501,82.7,332.0,71.4,0.44,2,1
7759,2,1.8,1892,63.1,328.0,113.3,0.68,2,1
6586,2,1.8,2585,135.3,314.6,115.2,0.59,2,1
5929,1,2.2,2140,116.8,251.3,68.1,0.62,2,1
6466,0,2.2,2360,123.8,278.3,54.7,0.62,3,1
5816,2,2.3,1939,74.5,166.4,52.6,0.4,2,1
6115,3,2.2,2586,127.2,213.9,78.3,0.65,2,1
7011,2,1.6,1977,61.9,232.9,54.6,0.61,3,1
7589,1,1.9,2384,139.8,344.8,55.9,0.47,2,1
6872,2,2.4,1850,56.4,341.6,53.6,0.52,3,1
6323,3,1.6,2535,53.0,292.7,55.2,0.56,3,1
7530,3,2.3,2072,54.3,321.3,88.0,0.49,3,1
7375,3,1.8,2493,127.2,155.8,118.1,0.46,2,1
4964,0,2.1,2054,41.1,176.6,65.9,0.51,3,1
6838,2,1.9,2017,48.0,261.4,44.2,0.61,3,1
7813,0,1.7,2162,67.9,273.9,64.2,0.7,2,1
5616,1,2.2,1935,68.6,250.7,114.4,0.69,2,1
7595,1,2.0,1891,68.6,212.7,118.3,0.5,3,1
6044,2,2.4,2087,139.3,202.6,106.4,0.62,3,1
7795,2,1.8,2120,121.1,248.3,116.0,0.53,2,1
6276,0,2.4,2473,60.8,160.9,54.7,0.59,3,1
9926,3,2.9,2922,44.5,221.3,96.7,0.84,3,2
9987,0,3.2,2315,78.5,190.7,62.7,0.95,3,2
11419,0,2.8,2720,97.9,264.2,73.3,0.95,3,2
8314,0,2.9,2710,71.3,346.3,49.8,0.9,4,2
9530,0,3.4,2308,48.9,316.1,92.8,0.95,3,2
9859,2,3.4,2475,146.7,281.2,116.1,0.88,3,2
9330,1,3.9,2951,135.0,310.3,62.6,0.97,3,2
11269,0,2.6,2272,83.9,185.6,117.2,0.86,4,2
11545,3,3.1,2221,125.7,207.0,100.2,0.96,3,2
10679,2,2.7,2505,139.4,270.7,68.7,0.85,4,2
8393,3,3.7,2724,92.4,262.6,73.8,0.76,4,2
11098,3,3.1,2577,50.2,252.7,117.9,0.88,4,2
10770,0,2.8,2902,72.0,237.5,112.6,0.91,4,2
9956,1,3.0,2330,97.5,209.1,43.8,0.91,4,2
8313,3,3.9,2725,50.4,282.2,85.5,0.73,4,2
9037,0,3.0,2799,121.5,242.6,102.9,0.72,3,2
11452,2,3.1,2285,104.6,241.0,93.6,0.82,4,2
10555,1,3.7,2549,60.4,299.4,88.3,0.99,3,2
11570,3,3.5,2644,52.8,184.3,78.2,0.86,3,2
10833,2,3.1,2873,108.0,344.8,68.9,0.99,4,2
10759,0,3.9,2891,53.8,152.8,49.0,0.82,4,2
8065,3,3.5,2392,111.3,279.9,74.9,0.96,3,2
10564,3,3.8,2751,56.3,234.4,49.3,0.76,4,2
11696,3,2.7,2919,42.2,239.9,59.4,0.83,4,2
9207,0,3.4,2601,109.3,292.6,118.4,0.72,3,2
11475,0,3.2,2792,93.6,247.2,87.3,0.88,4,2
10504,0,3.9,2699,86.4,213.2,45.1,0.77,3,2
11657,3,3.5,2684,116.7,154.2,63.0,0.74,4,2
8787,2,3.2,2648,141.4,320.7,97.2,0.77,3,2
9918,3,2.7,2500,131.6,284.6,98.8,0.92,4,2
11260,0,3.2,2365,113.4,175.8,56.0,0.89,4,2
10481,2,3.2,2625,65.8,261.4,119.9,0.98,4,2
9469,0,3.8,2565,128.7,217.5,49.1,0.9,3,2
8928,2,2.7,2429,124.6,304.0,84.6,0.85,4,2
11671,0,2.7,2906,141.9,237.6,76.6,0.96,3,2
11447,0,3.6,2308,95.8,183.4,49.4,0.93,3,2
8841,3,3.9,2360,120.6,169.9,91.8,0.92,4,2
9370,3,3.7,2325,124.6,151.3,106.8,0.95,4,2
9940,2,3.0,2717,118.7,233.0,90.4,0.75,4,2
9005,1,2.7,2971,128.2,232.7,72.7,0.86,3,2
9879,0,3.9,2728,88.7,304.0,97.4,0.94,4,2
10119,1,3.9,2286,87.7,228.7,43.0,0.8,4,2
11778,3,3.5,2788,84.2,286.2,84.3,0.72,4,2
9246,2,3.6,2521,139.0,272.1,51.7,0.97,3,2
9654,2,3.2,2410,137.6,306.3,72.4,0.97,4,2
8808,3,3.8,2286,119.8,298.0,50.1,0.71,4,2
10215,2,2.9,2295,123.3,182.0,42.2,0.85,4,2
11262,3,3.3,2464,148.6,172.1,44.8,0.77,4,2
9527,0,2.9,2719,89.4,264.5,40.4,0.81,3,2
9388,2,4.0,2963,72.9,283.4,105.2,1.0,3,2
10346,0,3.5,2931,76.1,266.5,105.8,0.81,3,2
9479,0,3.2,2350,50.1,235.0,50.4,0.91,4,2
8879,3,3.2,2578,135.9,266.9,90.9,0.9,4,2
9802,1,3.5,2701,55.9,175.4,96.9,0.92,4,2
8529,1,4.0,2725,90.1,156.5,52.5,0.96,3,2
10289,0,3.1,2321,53.3,264.4,43.2,0.88,4,2
8627,2,2.7,2512,93.5,308.2,51.4,1.0,4,2
10415,1,3.1,2512,130.1,247.8,49.8,0.97,3,2
9428,3,2.6,2245,139.0,306.3,78.0,0.83,4,2
10949,3,3.8,2335,113.4,179.8,98.2,0.93,4,2
8365,1,3.7,2880,139.0,217.8,43.7,0.89,4,2
10746,1,3.8,2953,117.8,264.4,103.7,0.78,3,2
10897,1,3.0,2860,145.1,258.4,100.6,0.74,3,2
11921,0,3.4,2393,112.4,256.4,117.0,0.93,3,2
9126,0,3.7,2451,128.8,271.4,72.1,0.95,4,2
8184,3,3.2,2223,42.6,255.6,70.6,0.8,3,2
8372,1,2.7,2301,60.1,303.7,52.3,0.86,4,2
11900,1,3.1,2373,43.0,161.7,71.2,0.72,4,2
9310,0,2.7,2531,62.3,300.4,86.9,0.78,3,2
10019,2,3.3,2716,46.7,243.0,72.6,0.82,3,2
9983,2,2.5,2848,100.9,267.2,48.1,0.77,3,2
11125,3,3.3,2328,49.2,277.2,56.3,0.79,4,2
11964,3,2.7,2753,145.7,261.0,43.3,1.0,3,2
11328,0,3.2,2835,46.6,334.4,61.9,0.79,3,2
9027,2,3.8,2589,45.0,297.8,85.0,1.0,3,2
9231,2,2.6,2915,136.6,192.2,80.4,0.74,3,2
11285,3,3.0,2898,70.0,282.5,65.7,0.98,4,2
8862,0,3.2,2813,107.0,150.9,40.8,0.8,3,2
8710,0,3.1,2913,126.6,279.8,46.2,0.91,4,2
8126,2,3.8,2887,146.9,225.3,88.1,0.83,3,2
9584,0,2.8,2986,90.9,337.2,75.6,0.94,3,2
8907,1,3.6,2976,49.9,272.7,64.3,0.78,4,2
10940,2,2.8,2705,94.2,290.8,88.5,0.99,3,2
8029,3,2.8,2853,58.8,188.8,99.1,0.82,4,2
10753,0,3.5,2778,54.0,336.7,108.4,0.75,3,2
11608,2,3.3,2480,114.9,326.6,40.2,0.76,3,2
9749,3,3.5,2865,132.9,231.4,49.7,0.72,4,2
10122,1,3.2,2570,45.2,333.7,82.6,0.86,3,2
9295,1,2.5,2399,147.6,234.8,46.0,0.8,3,2
9023,0,2.8,2537,92.8,311.6,87.4,0.79,3,2
10565,1,3.9,2456,145.5,316.5,105.7,0.77,4,2
10128,0,3.7,2274,108.8,265.8,46.8,0.93,4,2
8248,1,3.9,2586,46.8,310.5,44.4,0.79,3,2
10501,0,3.4,2267,72.4,226.3,47.7,0.73,3,2
11080,3,3.1,2813,82.2,309.0,110.4,0.94,3,2
10536,3,2.7,2866,96.9,267.6,48.6,0.98,3,2
8050,1,3.4,2269,110.1,201.3,73.7,0.88,3,2
10968,0,3.4,2390,54.0,266.9,81.1,0.77,3,2
10669,1,3.6,2518,91.6,270.7,63.3,0.88,3,2
11974,0,2.5,2800,66.1,313.8,84.8,0.9,3,2
8223,0,3.1,2400,77.6,283.6,95.6,0.99,3,2
9914,2,3.4,2539,86.1,182.5,76.3,0.96,4,2
11232,1,3.9,2707,116.3,243.3,57.1,0.77,3,2
9969,1,3.6,2539,84.0,315.2,40.5,0.94,4,2
8040,2,2.6,2230,88.4,276.3,113.0,0.87,3,2
9474,1,2.6,2230,64.1,202.4,53.9,0.76,4,2
11471,2,3.3,2382,140.2,154.2,94.2,0.76,3,2
9552,2,3.5,2313,90.2,223.9,69.8,0.8,3,2
8701,0,3.9,2838,55.9,334.8,103.6,0.96,3,2
8785,1,3.3,2911,141.3,302.6,87.0,0.81,4,2
11499,2,3.3,2352,136.0,320.3,117.5,0.8,3,2
11628,0,3.2,2944,58.4,227.6,110.6,0.72,4,2
11076,2,3.3,2710,118.4,255.1,78.7,0.86,3,2
11914,1,3.2,2474,64.1,190.6,109.1,0.87,3,2
9621,2,2.8,2635,68.0,167.0,100.1,0.97,3,2
9208,3,3.2,2560,96.3,217.3,76.1,0.77,3,2
9771,0,3.1,2709,59.8,196.8,91.6,0.8,4,2
9470,2,3.9,2501,141.9,169.7,45.7,0.95,3,2
8156,2,3.3,2541,73.3,313.1,94.7,0.76,4,2
9124,0,2.8,2818,124.7,206.4,67.7,1.0,4,2
9654,3,3.9,2793,112.0,347.9,116.1,0.93,3,2
11544,3,3.1,2432,65.7,267.4,84.2,0.92,3,2
9919,2,3.6,2672,133.0,235.8,115.4,0.8,3,2
9710,2,2.8,2660,55.3,324.8,64.4,0.96,3,2
11022,1,2.5,2874,86.1,287.2,72.3,0.95,4,2
11189,0,3.5,2506,141.4,180.7,116.2,0.8,3,2
9352,3,3.4,2817,62.5,228.1,82.8,0.97,4,2
8771,2,3.2,2536,50.3,170.9,84.2,0.87,4,2
8131,1,3.7,2817,47.6,342.6,62.7,0.85,3,2
8954,2,2.9,2736,97.0,184.4,108.8,0.72,3,2
9682,3,3.1,2313,121.7,227.8,112.3,0.74,4,2
8845,1,2.7,2410,106.4,337.8,87.0,0.79,4,2
10058,1,3.6,2669,89.0,314.9,88.4,0.78,3,2
9011,3,3.3,2782,103.4,297.5,63.0,0.96,4,2
11608,3,3.9,2555,107.4,312.0,54.0,0.91,4,2
9020,3,2.8,2832,140.2,186.7,85.5,0.92,4,2
9611,2,3.5,2244,137.1,257.5,93.3,0.77,3,2
8273,3,3.5,2939,149.2,260.6,119.6,0.97,4,2
8313,3,3.6,2716,89.6,200.6,80.5,0.93,4,2
9893,3,2.5,2854,77.8,229.9,55.6,0.91,4,2
8154,2,2.5,2317,113.7,242.8,76.9,0.91,3,2
8338,1,3.3,2448,91.8,205.8,52.9,0.91,4,2
11434,3,2.5,2302,58.5,284.3,40.9,0.75,3,2
9119,1,2.7,2566,88.6,159.6,90.8,0.75,3,2
10141,3,3.5,2933,115.9,238.8,87.9,0.9,3,2
8199,2,3.7,2985,140.0,190.0,41.3,0.76,3,2
8114,1,4.0,2545,145.5,169.3,106.8,0.95,3,2
10720,2,2.8,2371,75.5,275.4,90.0,0.71,3,2
11827,0,3.3,2638,79.2,184.7,72.2,0.74,3,2
9295,2,2.5,2417,111.5,223.8,45.4,0.84,3,2
8895,1,3.1,2985,67.7,168.9,65.9,0.88,3,2
10584,2,3.5,2894,59.3,302.3,95.0,0.98,3,2
11487,3,3.5,2269,96.2,298.4,80.3,0.8,4,2
10886,2,4.0,2438,66.0,235.7,59.5,0.71,3,2
8325,1,2.6,2583,81.3,278.4,59.0,0.85,3,2
10970,1,3.4,2654,70.6,278.7,100.8,0.92,4,2
10133,0,3.7,2624,65.2,296.6,67.4,0.89,4,2
8843,3,3.3,2880,97.4,186.7,90.4,1.0,3,2
8264,1,3.8,2271,143.2,175.1,53.9,0.99,3,2
10248,3,3.7,2409,119.7,212.3,97.7,0.77,3,2
9003,3,3.1,2820,146.4,190.3,109.0,0.77,4,2
9970,3,2.6,2568,88.6,251.1,98.8,0.82,3,2
11114,3,2.7,2693,133.9,301.8,113.7,0.71,4,2
10437,3,3.3,2766,91.0,240.7,70.0,0.92,4,2
10482,1,3.2,2541,57.0,187.9,41.0,0.74,4,2
10050,3,3.6,2583,146.8,224.6,79.2,0.85,4,2
10625,0,4.0,2272,82.3,263.1,55.5,0.82,3,2
9787,3,3.9,2989,109.8,223.6,44.6,0.97,4,2
9578,0,3.9,2953,141.4,222.3,96.5,0.77,4,2
8115,1,3.5,2860,68.0,270.4,116.1,0.74,4,2
11446,3,2.7,2319,117.7,344.8,46.4,0.93,4,2
11727,2,2.8,2633,116.1,250.1,82.7,0.75,4,2
11631,0,3.1,2515,110.0,305.3,67.6,0.92,3,2
8584,2,2.9,2414,40.7,183.7,79.3,0.98,4,2
8396,2,2.6,2913,120.6,184.1,70.0,0.83,4,2
10883,3,2.7,2698,102.4,192.5,56.1,0.75,3,2
11071,3,2.8,2977,109.0,274.9,109.5,0.76,4,2
8680,0,2.6,2287,77.6,267.1,78.2,0.81,4,2
10755,0,3.6,2209,50.7,254.5,40.6,0.72,3,2
10469,3,3.3,2979,123.3,270.9,66.9,0.78,4,2
10792,3,3.8,2522,81.6,161.4,68.5,0.95,4,2
9352,1,3.7,2203,42.8,174.6,82.5,0.84,4,2
11895,3,3.5,2454,112.6,150.6,91.0,0.81,4,2
11858,2,3.7,2217,114.6,196.7,78.8,0.89,3,2
11027,0,3.4,2283,120.8,208.8,55.6,0.8,4,2
8586,1,3.8,2785,94.8,167.4,106.6,0.94,3,2
10247,0,4.0,2678,93.0,258.1,59.5,0.75,4,2
8698,3,3.6,2875,149.3,155.8,114.3,0.91,3,2
9337,3,3.9,2984,144.7,284.1,93.2,0.78,4,2
11779,1,3.3,2942,142.5,303.3,88.1,0.85,4,2
10637,3,3.0,2934,128.9,194.7,49.3,0.92,4,2
8359,0,2.7,2548,103.0,175.5,65.1,0.92,3,2
9557,3,3.4,2201,147.8,213.9,69.2,0.79,3,2
10782,0,3.9,2329,83.5,257.7,76.8,0.86,3,2
8592,3,3.7,2503,56.2,206.7,99.8,0.95,4,2
11478,2,3.7,2919,95.3,287.7,61.9,0.71,4,2
11472,3,3.6,2689,72.1,343.3,44.7,0.89,3,2
11318,0,3.0,2933,141.5,305.2,108.5,0.76,3,2
10979,0,3.1,2875,100.3,217.5,94.2,0.97,3,2
9426,2,3.6,2600,116.6,189.0,108.5,0.72,4,2
9612,2,2.6,2531,90.3,182.7,51.0,0.93,3,2
10850,0,3.2,2348,79.8,321.2,48.2,0.76,3,2
11217,1,4.0,2351,141.9,169.2,117.9,0.81,4,2
8735,3,3.9,2320,146.7,275.4,72.3,0.99,4,2
8139,3,2.7,2606,125.3,348.2,93.7,0.85,3,2
8367,2,3.7,2865,41.3,173.3,49.8,0.81,4,2
10627,2,3.5,2721,116.3,168.9,87.4,0.77,4,2
9572,1,3.2,2860,50.9,162.7,112.7,0.91,4,2
11257,3,3.3,2615,101.2,257.3,105.0,0.94,3,2
10001,1,2.6,2798,146.2,329.5,54.5,0.86,3,2
10453,0,3.5,2205,44.3,265.0,92.2,0.87,4,2
8359,2,3.3,2971,80.0,258.9,73.8,0.71,3,2
11871,3,3.5,2454,55.4,248.1,65.0,0.79,4,2
11730,0,4.0,2560,112.9,158.9,42.9,0.88,3,2
8580,2,2.9,2420,70.5,295.8,73.8,0.99,3,2
10252,3,2.9,2590,90.2,338.9,94.1,0.89,3,2
11851,1,3.5,2748,118.6,262.7,91.8,0.76,4,2
10094,3,3.4,2629,81.7,342.8,59.8,0.95,4,2
9106,0,2.7,2312,76.2,167.8,112.7,0.91,4,2
11186,3,2.9,2431,147.7,194.4,116.1,0.78,3,2
11206,3,3.9,2379,50.5,219.8,85.8,0.86,4,2
9155,1,3.3,2822,75.0,300.4,54.5,0.73,3,2
11301,3,3.6,2744,105.2,201.8,94.9,0.87,4,2
10921,0,2.7,2329,141.0,277.8,69.6,0.74,4,2
11184,1,2.9,2823,88.3,220.8,77.5,0.83,4,2
9174,2,2.9,2638,109.9,167.4,64.5,0.86,3,2
11156,1,3.0,2292,143.9,183.0,44.6,0.89,3,2
11045,3,2.9,2704,114.5,336.5,50.9,0.94,3,2
10039,3,3.3,2893,41.5,188.0,106.5,0.97,3,2
8029,1,3.6,2919,149.4,282.2,113.6,0.86,4,2
11605,1,3.9,2900,114.2,326.4,81.9,0.88,4,2
8921,0,2.8,2575,86.5,225.8,69.9,0.95,4,2
8463,2,3.0,2895,72.9,208.7,57.0,0.77,3,2
11022,0,3.4,2603,142.9,328.5,107.9,0.77,4,2
8235,2,3.0,2830,51.8,219.9,97.8,0.84,4,2
9646,0,3.0,2303,98.2,329.7,72.9,0.83,3,2
11740,1,3.2,2359,91.8,224.9,69.2,0.93,4,2
11654,3,2.8,2475,57.8,220.7,74.7,0.73,4,2
9471,2,3.8,2926,44.4,228.9,99.5,0.76,3,2
11690,2,2.5,2882,53.1,247.8,79.6,0.76,4,2
10792,3,3.6,2532,54.5,341.5,103.4,0.93,4,2
8516,0,2.7,2712,114.6,218.4,118.1,0.7,3,2
11020,0,2.5,2691,123.7,199.5,52.2,0.79,4,2
10094,1,2.8,2487,113.3,235.8,77.9,0.93,4,2
11206,1,3.7,2917,149.2,268.2,90.8,0.92,3,2
8939,1,2.7,2610,86.9,273.3,47.3,0.71,3,2
8208,1,3.1,2737,77.0,245.8,80.8,0.79,3,2
10637,2,2.6,2312,118.3,199.4,111.6,0.78,4,2
8744,1,2.6,2253,71.4,206.0,88.5,0.9,4,2
9764,0,2.8,2703,50.7,152.7,84.1,0.81,4,2
11530,2,2.7,2569,66.2,205.2,86.7,0.92,4,2
8357,0,3.8,2333,104.5,332.4,92.3,0.89,3,2
8780,2,2.8,2656,73.2,244.8,100.9,0.98,3,2
10185,2,3.6,2244,138.1,301.9,107.7,0.74,4,2
10295,3,4.0,2574,47.4,233.8,114.5,0.83,3,2
10063,2,3.7,2370,45.0,263.2,103.6,0.88,3,2
10841,1,2.8,2607,88.2,251.9,85.0,0.85,3,2
9598,1,3.1,2478,102.9,268.4,40.7,0.76,3,2
11803,2,3.7,2666,133.8,209.3,61.5,0.85,4,2
8487,0,2.8,2246,110.4,338.4,62.2,0.86,4,2
8544,1,2.9,2252,98.8,150.3,67.8,0.89,3,2
10478,1,4.0,2532,84.9,272.3,66.0,0.72,4,2
8234,2,3.4,2210,59.4,344.3,83.0,0.95,3,2
11555,2,3.7,2999,135.7,276.9,84.1,0.87,4,2
11345,1,3.2,2532,89.1,296.0,74.7,0.78,4,2
8607,1,3.9,2295,129.7,185.2,85.6,0.85,4,2
11863,1,3.6,2863,137.4,313.5,95.0,0.78,4,2
8769,3,2.6,2273,51.0,255.4,98.1,0.83,4,2
11309,0,2.5,2302,130.9,302.7,91.6,0.81,3,2
8179,0,2.7,2988,127.2,151.9,103.3,0.73,3,2
10221,1,3.6,2546,55.3,301.9,111.4,0.96,3,2
11340,0,2.7,2539,99.8,203.5,83.5,0.84,3,2
8086,3,3.7,2305,55.6,332.4,41.9,0.86,3,2
9749,3,3.1,2561,115.5,293.0,112.1,0.9,3,2
10014,2,2.8,2312,48.4,216.7,68.8,0.77,4,2
11787,3,3.9,2244,98.4,269.9,94.4,0.88,3,2
8615,2,3.8,2903,136.3,204.2,79.9,0.79,4,2
9511,1,3.9,2928,125.6,179.3,51.8,0.94,3,2
9829,3,3.6,2689,145.6,205.7,47.2,0.94,3,2
8522,3,2.8,2594,92.9,344.6,88.1,0.81,4,2
10607,3,3.0,2869,100.4,257.7,79.4,0.98,4,2
10196,1,3.7,2593,117.3,197.0,40.2,0.73,4,2
11484,0,2.5,2771,46.6,219.9,107.9,0.84,3,2
11550,3,3.7,2342,66.7,315.6,44.5,0.79,3,2
8564,0,2.7,2912,116.6,234.9,44.3,0.91,4,2
8434,0,3.5,2275,56.2,178.3,59.6,0.84,3,2
8051,3,3.4,2626,121.8,299.6,95.9,0.74,3,2
9226,2,3.2,2939,52.2,162.0,91.4,0.8,3,2
10474,3,3.6,2715,114.8,325.2,84.3,0.75,4,2
11397,3,2.9,2785,142.5,204.4,47.4,0.85,3,2
9546,0,4.0,2328,64.1,186.7,99.7,0.92,4,2
10290,3,3.4,2279,74.5,278.4,106.2,0.94,4,2
8675,2,2.6,2580,51.9,165.6,88.3,0.89,3,2
11467,0,3.0,2445,63.3,152.2,112.8,0.78,3,2
8768,2,3.3,2853,49.4,264.0,43.6,0.98,3,2
11236,0,3.2,2249,147.9,300.3,116.7,0.79,4,2
10048,1,2.8,2969,117.3,169.5,72.6,0.82,4,2
11036,0,3.3,2714,104.6,226.4,86.9,0.94,3,2
11489,0,2.6,2365,137.4,168.7,97.5,0.75,4,2
11622,2,2.8,2897,89.2,176.2,63.3,0.9,3,2
10553,1,3.8,2641,63.0,272.1,46.0,0.71,4,2
8624,1,3.4,2709,124.3,211.9,109.4,0.73,3,2
11266,2,3.7,2289,58.7,209.1,45.5,0.85,4,2
10361,2,3.0,2291,148.5,345.7,101.1,0.72,4,2
9810,0,3.5,2343,80.0,207.3,72.7,0.98,4,2
10538,2,3.9,2332,49.2,232.6,76.0,0.83,4,2
11593,1,3.8,2898,117.0,262.2,52.4,0.71,3,2
8431,1,2.9,2362,82.7,242.5,47.5,0.87,3,2
9908,0,3.2,2747,49.4,296.4,113.4,0.97,4,2
11778,0,3.1,2643,74.9,349.3,78.9,0.76,4,2
10876,1,3.6,2317,144.3,179.1,57.1,0.78,3,2
10327,2,2.5,2815,126.9,345.7,57.1,0.93,3,2
8866,2,3.8,2976,109.9,166.7,45.5,0.91,4,2
9659,1,2.6,2929,113.7,201.9,106.4,0.84,4,2
8378,1,3.8,2638,61.8,338.4,78.5,0.8,4,2
10193,2,3.5,2364,140.4,264.1,105.8,0.99,4,2
10297,2,3.7,2811,113.0,314.7,98.7,0.76,3,2
11380,1,3.6,2524,94.9,213.3,103.4,0.7,4,2
10760,1,3.1,2733,109.8,277.8,86.3,0.92,4,2
8149,3,2.8,2392,63.8,192.0,55.3,0.83,3,2
10783,0,3.4,2214,73.2,211.4,105.5,0.81,4,2
8510,3,3.5,2864,78.7,315.6,74.1,1.0,4,2
11989,3,3.6,2316,81.0,260.6,53.0,0.98,4,2
9785,2,3.1,2875,117.2,337.6,112.5,0.91,4,2
8406,3,4.0,2306,51.4,300.0,89.9,0.73,3,2
10231,2,2.6,2654,133.7,192.4,102.2,0.85,3,2
10259,2,3.1,2400,146.4,332.8,73.0,0.96,3,2
11360,1,3.5,2958,95.8,203.5,92.7,0.82,4,2
9259,3,3.8,2624,43.6,155.2,103.2,0.9,3,2
11443,1,3.7,2959,145.5,348.6,59.3,0.88,4,2
11987,3,3.1,2831,54.2,277.3,118.2,0.89,3,2
8711,1,3.1,2525,51.0,310.2,80.3,0.86,4,2
10586,1,3.4,2601,144.4,190.8,47.5,0.95,4,2
9791,0,2.5,2988,102.9,155.1,98.7,0.88,3,2
9858,1,3.5,2996,72.7,257.1,59.6,0.81,3,2
11194,2,3.7,2587,49.1,178.8,41.9,0.93,3,2
10373,0,3.8,2313,55.6,202.4,54.5,0.84,3,2
8316,3,3.2,2570,51.1,309.1,73.1,0.97,3,2
9992,3,3.9,2278,137.9,276.7,76.1,0.76,4,2
8659,0,2.8,2210,147.4,348.7,78.7,0.97,3,2
10514,0,3.4,2205,61.2,155.9,41.8,0.75,4,2
10096,1,3.6,2421,43.2,177.7,46.7,0.96,3,2
10832,0,3.9,2474,78.3,260.3,63.5,0.78,3,2
11052,1,3.7,2646,67.5,189.6,107.7,0.85,4,2
10938,1,2.9,2602,127.4,340.8,79.0,0.73,4,2
11616,0,3.2,2810,106.8,235.9,85.4,0.92,4,2
9531,2,3.8,2265,104.6,208.7,106.1,0.83,3,2
10642,0,3.9,2743,59.8,214.5,103.3,0.81,3,2
9465,1,2.9,2420,125.7,174.5,65.5,0.9,4,2
8044,1,3.6,2418,101.8,227.1,88.1,0.84,4,2
10159,3,2.8,2774,115.0,237.0,105.1,0.78,3,2
8811,3,2.8,2705,53.1,240.6,88.1,0.85,4,2
10421,0,3.1,2790,140.3,206.9,107.3,0.71,3,2
9649,2,2.6,2746,110.9,163.9,47.6,0.98,3,2
11287,3,3.1,2508,48.8,304.9,79.5,0.78,4,2
8192,0,3.1,2913,132.7,337.5,48.2,1.0,4,2
8917,3,2.6,2210,64.9,167.6,97.9,0.74,4,2
11327,2,3.1,2750,137.2,158.6,43.8,1.0,3,2
9246,2,2.6,2537,116.9,335.0,86.7,0.91,4,2
8491,3,2.7,2351,113.5,254.4,59.2,0.93,4,2
9957,1,3.5,2487,50.1,303.2,96.9,0.8,4,2
9445,0,3.3,2448,48.3,248.9,57.0,0.9,3,2
10746,2,2.8,2594,63.0,268.1,82.2,0.76,3,2
11516,0,3.0,2519,140.6,193.8,69.1,0.91,3,2
11993,1,3.2,2835,47.6,234.6,94.9,0.85,4,2
11897,0,3.8,2863,122.0,198.1,111.5,0.73,4,2
8766,2,2.9,2687,69.2,335.4,46.7,0.9,4,2
9767,0,2.8,2606,88.5,224.0,43.9,0.85,4,2
9566,3,3.6,2632,59.4,205.2,88.6,0.76,3,2
10124,0,3.2,2897,64.2,160.6,42.9,0.71,3,2
9090,3,2.9,2744,83.1,170.3,98.7,0.73,3,2
11602,2,3.5,2707,110.1,291.2,63.0,0.76,3,2
8012,2,2.6,2715,133.8,287.6,53.6,0.97,4,2
10791,1,2.6,2391,145.8,283.2,74.2,0.8,4,2
8085,0,2.8,2470,105.3,343.9,86.7,0.96,3,2
10000,2,3.8,2683,131.9,255.1,53.4,0.73,3,2
8600,3,3.7,2302,94.0,220.2,83.7,0.79,4,2
10717,2,3.2,2573,118.1,328.3,102.0,0.84,4,2
11510,0,3.8,2810,56.3,232.1,57.6,0.85,4,2
8580,2,3.0,2231,62.7,167.9,113.7,0.77,4,2
9547,1,3.5,2480,69.2,285.8,111.0,0.96,4,2
9601,2,3.4,2482,131.8,174.6,103.6,0.79,3,2
10321,3,4.0,2555,142.0,179.4,94.5,0.79,3,2
10142,2,4.0,2838,93.6,162.9,63.6,0.87,3,2
9859,0,2.6,2489,93.7,151.0,68.2,0.95,3,2
11416,1,2.5,2457,144.9,292.6,51.4,0.74,4,2
11002,1,2.8,2799,43.5,336.6,59.9,0.98,4,2
10779,2,3.5,2632,141.2,269.4,53.9,0.82,3,2
9785,1,3.5,2530,67.5,233.3,56.0,0.94,3,2
9249,1,2.6,2780,81.4,325.2,75.0,0.98,4,2
8567,3,3.3,2910,79.0,243.3,116.9,0.79,4,2
9889,0,2.5,2772,123.1,273.0,64.2,0.71,4,2
8993,0,3.4,2582,123.1,228.5,72.2,0.74,4,2
8024,0,3.2,2981,49.3,204.0,118.9,0.96,4,2
8438,2,3.0,2299,135.1,174.3,86.8,0.95,4,2
10092,3,3.6,2254,55.0,329.0,91.2,0.91,3,2
8633,3,3.0,2518,108.6,190.1,45.4,0.92,3,2
8626,1,3.4,2323,51.4,154.9,80.5,0.86,3,2
9600,1,2.6,2324,130.2,318.3,83.7,0.79,4,2
11365,3,3.4,2649,56.1,154.3,51.3,0.96,3,2
